{"stats":{"minecraft:broken":{"minecraft:diamond_helmet":1,"minecraft:iron_leggings":1,"minecraft:stone_pickaxe":1,"minecraft:diamond_boots":1,"minecraft:stone_axe":10,"minecraft:stone_shovel":2,"minecraft:stone_sword":1,"minecraft:stone_hoe":1,"minecraft:diamond_axe":2,"minecraft:iron_axe":1,"minecraft:iron_pickaxe":1,"minecraft:iron_helmet":1},"minecraft:custom":{"minecraft:interact_with_crafting_table":122,"minecraft:open_barrel":37,"minecraft:bell_ring":1,"minecraft:leave_game":14,"minecraft:time_since_death":101787,"minecraft:sprint_one_cm":2421489,"minecraft:damage_blocked_by_shield":1450,"minecraft:drop":239,"minecraft:talked_to_villager":420,"minecraft:play_time":1771846,"minecraft:deaths":32,"minecraft:jump":13181,"minecraft:walk_on_water_one_cm":121272,"minecraft:interact_with_furnace":24,"minecraft:traded_with_villager":2326,"minecraft:sleep_in_bed":42,"minecraft:damage_dealt":62314,"minecraft:crouch_one_cm":287755,"minecraft:interact_with_smoker":13,"minecraft:horse_one_cm":3334,"minecraft:interact_with_anvil":6,"minecraft:mob_kills":299,"minecraft:inspect_hopper":2,"minecraft:climb_one_cm":42307,"minecraft:walk_one_cm":3180460,"minecraft:sneak_time":87905,"minecraft:walk_under_water_one_cm":29482,"minecraft:boat_one_cm":572814,"minecraft:total_world_time":1771846,"minecraft:interact_with_grindstone":2,"minecraft:time_since_rest":99261,"minecraft:damage_taken":19122,"minecraft:swim_one_cm":68301,"minecraft:fly_one_cm":3497987,"minecraft:open_chest":996,"minecraft:fall_one_cm":209238},"minecraft:picked_up":{"minecraft:wheat":236,"travelersbackpack:bat":1,"minecraft:nether_brick_fence":27,"minecraft:flower_pot":3,"minecraft:anvil":2,"minecraft:smithing_table":1,"minecraft:lead":2,"minecraft:brewing_stand":2,"minecraft:amethyst_block":1,"minecraft:music_disc_cat":1,"minecraft:string":47,"minecraft:soul_soil":41,"minecraft:raw_copper":49,"minecraft:iron_leggings":1,"minecraft:beetroot":2,"minecraft:gold_nugget":315,"minecraft:cobbled_deepslate":2188,"minecraft:bucket":1,"minecraft:calcite":2,"minecraft:ender_eye":6,"minecraft:furnace":3,"minecraft:golden_helmet":1,"minecraft:stick":1081,"minecraft:jungle_door":5,"minecraft:composter":4,"minecraft:oak_fence":1,"minecraft:torch":25,"minecraft:green_bed":29,"minecraft:sandstone_wall":12,"minecraft:porkchop":6,"minecraft:diorite":8,"minecraft:cactus":342,"minecraft:rotten_flesh":143,"minecraft:armadillo_scute":7,"minecraft:bookshelf":13,"minecraft:blaze_rod":23,"minecraft:obsidian":24,"minecraft:iron_bars":16,"minecraft:cobblestone":5170,"minecraft:andesite":38,"minecraft:jungle_log":10532,"minecraft:smoker":3,"minecraft:potato":3266,"minecraft:flint":43,"minecraft:tuff":146,"minecraft:smooth_sandstone_stairs":18,"minecraft:lapis_lazuli":286,"minecraft:dirt":4447,"minecraft:name_tag":2,"minecraft:bone":52,"minecraft:bow":6,"minecraft:wheat_seeds":928,"minecraft:raw_gold":155,"minecraft:bell":1,"minecraft:grindstone":2,"travelersbackpack:gold":1,"minecraft:mossy_stone_bricks":15,"minecraft:fletching_table":34,"minecraft:glowstone_dust":109,"minecraft:bamboo":6321,"minecraft:powered_rail":3,"minecraft:moss_block":5,"minecraft:stone_hoe":1,"minecraft:oak_planks":4,"minecraft:poisonous_potato":7,"minecraft:sand":6790,"minecraft:bamboo_raft":4,"minecraft:jungle_planks":119,"minecraft:nether_brick_stairs":7,"minecraft:dead_bush":6,"minecraft:grass_block":1,"minecraft:cyan_bed":10,"minecraft:jungle_slab":1,"minecraft:chiseled_sandstone":3,"minecraft:mossy_cobblestone":1,"minecraft:jungle_leaves":12,"minecraft:diamond":87,"minecraft:lever":1,"minecraft:granite":31,"minecraft:golden_horse_armor":2,"minecraft:bread":10,"minecraft:oak_sapling":15,"minecraft:netherrack":1050,"minecraft:crafting_table":6,"minecraft:ominous_bottle":3,"minecraft:nether_wart":227,"minecraft:clay_ball":5,"minecraft:chest_minecart":1,"minecraft:jungle_trapdoor":16,"minecraft:iron_axe":2,"minecraft:cracked_stone_bricks":4,"minecraft:detector_rail":1,"minecraft:beef":14,"minecraft:jungle_sapling":969,"minecraft:poppy":14,"minecraft:minecart":31,"minecraft:lectern":10,"minecraft:sugar_cane":24,"minecraft:chest":15,"minecraft:raw_iron":17,"minecraft:sandstone":2131,"minecraft:end_stone":3,"minecraft:stone_button":1,"minecraft:cookie":128,"minecraft:jungle_fence_gate":1,"minecraft:redstone":436,"minecraft:jungle_sign":2,"minecraft:smooth_sandstone_slab":94,"minecraft:arrow":28,"minecraft:weeping_vines":11,"minecraft:stone_shovel":1,"minecraft:beetroot_seeds":26,"minecraft:nether_bricks":47,"minecraft:hay_block":27,"minecraft:saddle":1,"minecraft:gold_ingot":9,"minecraft:glow_berries":13,"minecraft:mutton":16,"minecraft:rail":190,"minecraft:white_wool":10,"minecraft:lime_bed":4,"minecraft:jungle_boat":12,"minecraft:basalt":5,"minecraft:glow_ink_sac":4,"minecraft:tripwire_hook":2,"minecraft:crimson_stem":14,"minecraft:cut_sandstone":86,"minecraft:leather":10,"minecraft:jungle_fence":102,"minecraft:oak_log":16,"minecraft:chainmail_chestplate":1,"minecraft:jungle_button":231,"minecraft:golden_boots":1,"minecraft:nether_wart_block":35,"minecraft:gunpowder":7,"minecraft:white_banner":3,"minecraft:smooth_sandstone":610,"minecraft:apple":224,"minecraft:stone_bricks":16,"minecraft:iron_ingot":66,"minecraft:cobweb":33,"minecraft:soul_sand":62,"minecraft:book":15,"minecraft:smooth_basalt":2,"minecraft:pumpkin":34,"minecraft:quartz":174,"minecraft:dandelion":2,"minecraft:gravel":327,"minecraft:amethyst_shard":244,"minecraft:green_carpet":8,"minecraft:spider_eye":8,"minecraft:stripped_jungle_log":1,"minecraft:pumpkin_seeds":5,"minecraft:iron_helmet":1,"minecraft:diamond_axe":2,"minecraft:gray_wool":1,"minecraft:terracotta":16,"minecraft:baked_potato":17,"minecraft:melon_seeds":23,"minecraft:coal":263,"minecraft:ender_pearl":4},"minecraft:used":{"minecraft:ladder":2,"minecraft:chest":45,"minecraft:shield":37,"minecraft:nether_wart":102,"minecraft:rotten_flesh":4,"minecraft:bell":1,"minecraft:soul_sand":61,"minecraft:jungle_planks":148,"minecraft:nether_bricks":21,"minecraft:jungle_slab":13,"minecraft:obsidian":10,"minecraft:jungle_sapling":628,"minecraft:glass":11,"minecraft:lava_bucket":14,"minecraft:jungle_fence_gate":4,"minecraft:jungle_button":608,"minecraft:oak_sapling":1,"minecraft:furnace":4,"minecraft:potato":685,"minecraft:diorite":4,"minecraft:cactus":136,"minecraft:oak_planks":4,"minecraft:stone_pickaxe":131,"minecraft:powered_rail":7,"minecraft:jungle_fence":286,"minecraft:ender_pearl":10,"minecraft:wooden_pickaxe":24,"minecraft:sandstone":1198,"minecraft:composter":8,"minecraft:diamond_axe":7026,"minecraft:jungle_boat":14,"minecraft:cookie":48,"minecraft:sand":828,"minecraft:end_stone":3,"minecraft:blast_furnace":2,"minecraft:cut_sandstone_slab":197,"minecraft:shears":41,"minecraft:redstone_torch":2,"minecraft:lever":1,"minecraft:chiseled_sandstone":1,"minecraft:string":14,"minecraft:bread":121,"minecraft:cyan_bed":10,"minecraft:lectern":19,"minecraft:gravel":1,"minecraft:jungle_sign":20,"minecraft:diamond_sword":949,"minecraft:nether_wart_block":29,"minecraft:grindstone":2,"minecraft:smithing_table":4,"minecraft:andesite":1,"minecraft:chest_minecart":1,"minecraft:stone_sword":130,"minecraft:flint_and_steel":2,"minecraft:stone_shovel":496,"minecraft:stone_hoe":144,"travelersbackpack:bat":1,"minecraft:netherrack":739,"minecraft:torch":93,"minecraft:brewing_stand":4,"minecraft:dirt":4105,"minecraft:anvil":4,"minecraft:hopper":7,"minecraft:jungle_trapdoor":40,"minecraft:granite":19,"minecraft:nether_brick_stairs":1,"minecraft:iron_hoe":242,"minecraft:bamboo_raft":5,"minecraft:bookshelf":6,"travelersbackpack:gold":1,"minecraft:iron_axe":2671,"minecraft:smooth_sandstone":15,"minecraft:jungle_log":21,"minecraft:glowstone":24,"minecraft:bamboo":77,"minecraft:barrel":1,"minecraft:diamond_chestplate":1,"minecraft:tripwire_hook":2,"minecraft:basalt":5,"minecraft:soul_soil":20,"minecraft:minecart":31,"minecraft:cobbled_deepslate":6,"minecraft:bamboo_planks":1,"minecraft:wheat_seeds":293,"minecraft:water_bucket":52,"minecraft:amethyst_block":1,"minecraft:baked_potato":146,"minecraft:smooth_sandstone_slab":7,"minecraft:cut_sandstone":371,"minecraft:fletching_table":43,"minecraft:green_bed":29,"minecraft:rail":204,"minecraft:lime_bed":4,"minecraft:crafting_table":7,"minecraft:campfire":1,"justhammers:iron_hammer":435,"minecraft:smoker":3,"minecraft:ender_eye":24,"minecraft:diamond_pickaxe":3349,"minecraft:diamond_shovel":5,"minecraft:iron_pickaxe":252,"minecraft:suspicious_stew":21,"minecraft:map":1,"minecraft:detector_rail":1,"justhammers:stone_hammer":1988,"minecraft:stone_axe":1576,"minecraft:green_carpet":4,"minecraft:cobblestone":60,"minecraft:jungle_door":1,"minecraft:bucket":71},"minecraft:crafted":{"minecraft:jungle_button":445,"minecraft:smooth_stone":6,"minecraft:oak_planks":64,"minecraft:chainmail_helmet":12,"minecraft:jungle_fence_gate":3,"minecraft:barrel":1,"minecraft:cut_sandstone":1040,"minecraft:cut_sandstone_slab":768,"minecraft:blaze_powder":18,"minecraft:stone":19,"minecraft:diamond_shovel":1,"minecraft:lever":1,"minecraft:bookshelf":14,"minecraft:suspicious_stew":21,"minecraft:bamboo_block":692,"minecraft:glass":64,"minecraft:hopper":7,"minecraft:diamond_helmet":2,"minecraft:diamond_leggings":2,"minecraft:iron_boots":22,"minecraft:chest":41,"minecraft:rail":64,"minecraft:stone_hoe":2,"minecraft:ender_eye":18,"minecraft:bamboo_raft":2,"minecraft:emerald":1915,"minecraft:diamond_axe":7,"minecraft:crafting_table":3,"minecraft:jungle_boat":3,"travelersbackpack:standard":1,"minecraft:wooden_pickaxe":1,"minecraft:baked_potato":214,"minecraft:chainmail_chestplate":12,"minecraft:smithing_table":3,"minecraft:fletching_table":10,"minecraft:brewing_stand":2,"minecraft:campfire":1,"minecraft:sea_pickle":1,"minecraft:apple":144,"minecraft:bamboo_planks":268,"minecraft:lectern":9,"minecraft:book":3,"minecraft:paper":9,"minecraft:diamond_pickaxe":2,"minecraft:shield":1,"minecraft:stick":57130,"minecraft:iron_ingot":288,"minecraft:iron_pickaxe":1,"minecraft:iron_block":200,"minecraft:stone_sword":1,"minecraft:gold_ingot":51,"minecraft:sandstone":416,"minecraft:redstone_torch":2,"minecraft:composter":4,"minecraft:shears":2,"minecraft:jungle_sign":18,"minecraft:cookie":432,"minecraft:redstone":62,"minecraft:stone_shovel":4,"minecraft:tripwire_hook":2,"minecraft:furnace":3,"minecraft:blast_furnace":2,"minecraft:jungle_trapdoor":34,"minecraft:flint_and_steel":1,"travelersbackpack:white_sleeping_bag":1,"minecraft:iron_axe":31,"minecraft:ladder":3,"minecraft:iron_hoe":1,"minecraft:ender_pearl":30,"minecraft:stone_pickaxe":1,"minecraft:diamond_boots":2,"minecraft:jungle_fence":180,"minecraft:chainmail_leggings":12,"minecraft:minecart":1,"minecraft:wheat":243,"minecraft:diamond_sword":1,"travelersbackpack:backpack_tank":2,"minecraft:powered_rail":6,"minecraft:bucket":1,"minecraft:stone_axe":31,"minecraft:glowstone":44,"minecraft:enchanted_book":14,"minecraft:jungle_slab":78,"minecraft:air":0,"minecraft:bread":288,"minecraft:jungle_planks":30764,"justhammers:iron_hammer":5,"justhammers:stone_hammer":44,"minecraft:chainmail_boots":13,"minecraft:anvil":2,"minecraft:torch":256,"minecraft:lapis_lazuli":36,"minecraft:diamond_chestplate":2},"minecraft:killed":{"minecraft:spider":24,"minecraft:skeleton":27,"minecraft:silverfish":1,"minecraft:magma_cube":8,"minecraft:piglin":2,"minecraft:pig":1,"minecraft:zombie_villager":3,"minecraft:iron_golem":12,"minecraft:ender_dragon":1,"minecraft:creeper":9,"minecraft:sheep":11,"minecraft:trader_llama":4,"minecraft:pillager":6,"minecraft:zombie":65,"minecraft:blaze":34,"minecraft:cow":6,"minecraft:phantom":1,"minecraft:husk":66,"minecraft:hoglin":1,"minecraft:wither_skeleton":7,"minecraft:villager":1,"minecraft:enderman":4},"minecraft:killed_by":{"minecraft:creeper":4,"minecraft:blaze":1,"minecraft:zombie":7,"minecraft:husk":7,"minecraft:spider":1,"minecraft:iron_golem":2,"minecraft:skeleton":1},"minecraft:mined":{"minecraft:jungle_slab":1,"minecraft:jungle_leaves":22,"minecraft:potted_cactus":2,"minecraft:brewing_stand":2,"minecraft:obsidian":17,"minecraft:potted_dead_bush":1,"minecraft:granite":33,"minecraft:grass_block":333,"minecraft:jungle_log":10120,"minecraft:soul_soil":51,"minecraft:composter":4,"minecraft:nether_wart":51,"minecraft:spawner":1,"minecraft:weeping_vines_plant":4,"minecraft:glowstone":31,"minecraft:iron_ore":13,"minecraft:cobbled_deepslate":2,"minecraft:fire":27,"minecraft:pumpkin":17,"minecraft:anvil":2,"minecraft:deepslate_lapis_ore":26,"minecraft:fletching_table":34,"minecraft:nether_brick_stairs":7,"minecraft:green_carpet":3,"minecraft:smooth_sandstone_stairs":18,"minecraft:green_bed":28,"minecraft:jungle_trapdoor":9,"minecraft:jungle_button":6,"minecraft:deepslate_redstone_ore":79,"minecraft:cut_sandstone":38,"minecraft:jungle_door":1,"minecraft:melon_stem":2,"minecraft:smoker":2,"minecraft:amethyst_cluster":31,"minecraft:clay":1,"visualworkbench:minecraft/crafting_table":6,"minecraft:torch":11,"minecraft:calcite":2,"minecraft:chest":11,"minecraft:dead_bush":10,"minecraft:glass":1,"minecraft:nether_quartz_ore":76,"minecraft:cobblestone":6,"minecraft:oak_planks":4,"minecraft:sugar_cane":6,"minecraft:cyan_bed":10,"minecraft:grindstone":2,"minecraft:smooth_sandstone_slab":41,"minecraft:amethyst_block":1,"minecraft:nether_wart_block":50,"minecraft:wheat":214,"minecraft:oak_log":18,"minecraft:beetroots":1,"minecraft:sand":1665,"minecraft:dirt":513,"minecraft:sandstone_wall":5,"minecraft:smooth_basalt":2,"minecraft:netherrack":986,"minecraft:oak_leaves":35,"minecraft:deepslate":542,"minecraft:nether_gold_ore":34,"minecraft:tuff":36,"minecraft:deepslate_diamond_ore":50,"minecraft:end_stone":3,"minecraft:glow_lichen":1,"minecraft:nether_bricks":51,"minecraft:jungle_planks":31,"minecraft:weeping_vines":3,"minecraft:moss_block":5,"minecraft:sandstone":620,"minecraft:crimson_stem":14,"minecraft:hay_block":27,"minecraft:furnace":1,"minecraft:jungle_sapling":27,"minecraft:chiseled_sandstone":3,"minecraft:andesite":38,"minecraft:bell":1,"minecraft:nether_brick_fence":28,"minecraft:bookshelf":18,"minecraft:potatoes":476,"minecraft:deepslate_iron_ore":1,"minecraft:vine":126,"minecraft:rail":161,"minecraft:stripped_jungle_log":1,"minecraft:bamboo":547,"minecraft:stone":558,"minecraft:jungle_fence_gate":1,"minecraft:smithing_table":1,"minecraft:soul_sand":65,"minecraft:infested_stone_bricks":2,"minecraft:basalt":5,"minecraft:jungle_sign":1,"minecraft:oak_fence":1,"minecraft:smooth_sandstone":205,"minecraft:short_grass":36,"minecraft:campfire":1,"minecraft:lectern":10,"minecraft:copper_ore":8,"minecraft:tall_grass":2,"minecraft:lapis_ore":3,"minecraft:deepslate_gold_ore":67,"minecraft:diorite":8,"minecraft:cactus":68,"minecraft:lime_bed":4,"minecraft:birch_leaves":1,"minecraft:jungle_fence":152,"minecraft:coal_ore":130,"minecraft:gravel":51,"minecraft:cobweb":33,"minecraft:cracked_stone_bricks":4,"minecraft:terracotta":9,"minecraft:stone_bricks":16,"minecraft:mossy_stone_bricks":15,"minecraft:gold_ore":11,"minecraft:jungle_wall_sign":1,"minecraft:fern":12},"minecraft:dropped":{"minecraft:diamond_axe":2,"minecraft:cookie":256,"minecraft:fletching_table":1,"minecraft:cracked_stone_bricks":4,"minecraft:flint":1,"minecraft:dirt":4,"minecraft:jungle_button":5,"minecraft:stone_button":1,"minecraft:gold_nugget":8,"minecraft:phantom_membrane":8,"minecraft:sand":4,"minecraft:bone":2,"minecraft:gravel":4,"minecraft:stone_axe":17,"minecraft:sugar_cane":5,"minecraft:lever":1,"minecraft:cobbled_deepslate":89,"minecraft:smooth_sandstone_stairs":18,"minecraft:rotten_flesh":21,"minecraft:oak_planks":4,"minecraft:jungle_trapdoor":6,"minecraft:chainmail_chestplate":12,"minecraft:sandstone_wall":12,"minecraft:poppy":541,"minecraft:beetroot_seeds":12,"minecraft:jungle_log":64,"minecraft:chainmail_boots":13,"minecraft:arrow":4,"minecraft:netherrack":169,"minecraft:golden_boots":1,"minecraft:wheat_seeds":422,"minecraft:poisonous_potato":2,"minecraft:oak_fence":1,"minecraft:cobblestone":832,"minecraft:apple":128,"minecraft:granite":2,"minecraft:chainmail_helmet":12,"minecraft:stick":68,"minecraft:torch":1,"minecraft:jungle_door":2,"minecraft:green_carpet":4,"minecraft:smooth_sandstone_slab":87,"minecraft:iron_axe":12,"minecraft:cactus":60,"minecraft:chainmail_leggings":12,"minecraft:string":3,"minecraft:tripwire_hook":2,"minecraft:blaze_rod":7,"minecraft:raw_copper":4,"minecraft:tuff":6,"minecraft:iron_boots":22,"minecraft:potato":471,"minecraft:flower_pot":2,"minecraft:andesite":4,"minecraft:mossy_stone_bricks":15,"minecraft:oak_sapling":7,"minecraft:stone_bricks":16,"minecraft:sandstone":313}},"DataVersion":3955}