{"stats":{"minecraft:broken":{"minecraft:diamond_helmet":1,"minecraft:iron_leggings":1,"minecraft:stone_pickaxe":1,"minecraft:diamond_boots":1,"minecraft:stone_axe":10,"minecraft:stone_shovel":2,"minecraft:stone_sword":1,"minecraft:stone_hoe":1,"minecraft:diamond_axe":2,"minecraft:iron_axe":1,"minecraft:iron_pickaxe":1,"minecraft:iron_helmet":1},"minecraft:used":{"minecraft:polished_deepslate":1850,"minecraft:elytra":9,"minecraft:ladder":10,"minecraft:chest":126,"minecraft:shield":38,"minecraft:rotten_flesh":4,"minecraft:nether_wart":102,"minecraft:bell":1,"minecraft:soul_sand":62,"minecraft:jungle_planks":168,"minecraft:nether_bricks":21,"minecraft:jungle_slab":17,"minecraft:obsidian":10,"minecraft:jungle_sapling":852,"minecraft:glass":1103,"minecraft:lava_bucket":14,"minecraft:jungle_fence_gate":4,"minecraft:scaffolding":72,"minecraft:jungle_button":608,"minecraft:oak_sapling":1,"minecraft:furnace":12,"minecraft:egg":1,"minecraft:potato":1006,"minecraft:diorite":4,"minecraft:cactus":136,"minecraft:oak_planks":4,"minecraft:stone_pickaxe":131,"minecraft:powered_rail":8,"minecraft:jungle_fence":389,"minecraft:ender_pearl":10,"minecraft:sugar_cane":99,"minecraft:wooden_pickaxe":24,"minecraft:sandstone":1396,"minecraft:composter":16,"minecraft:jungle_pressure_plate":36,"minecraft:diamond_axe":11213,"minecraft:jungle_boat":15,"minecraft:cookie":48,"minecraft:light_gray_terracotta":1,"minecraft:end_stone":3,"minecraft:sand":998,"minecraft:blast_furnace":2,"minecraft:cut_sandstone_slab":197,"minecraft:shears":41,"minecraft:redstone_torch":4,"minecraft:lever":1,"minecraft:firework_rocket":142,"minecraft:chiseled_sandstone":1,"minecraft:string":14,"minecraft:bread":121,"minecraft:cyan_bed":10,"minecraft:lectern":19,"minecraft:gravel":1,"minecraft:jungle_sign":34,"minecraft:diamond_sword":1282,"minecraft:nether_wart_block":29,"minecraft:grindstone":3,"minecraft:smithing_table":4,"minecraft:andesite":1,"minecraft:chest_minecart":1,"minecraft:enchanting_table":1,"minecraft:stone_sword":130,"minecraft:flint_and_steel":2,"minecraft:stone_shovel":496,"minecraft:redstone":58,"minecraft:stone_hoe":144,"travelersbackpack:bat":1,"minecraft:netherrack":739,"minecraft:torch":103,"minecraft:brewing_stand":4,"minecraft:dirt":7724,"minecraft:anvil":4,"minecraft:hopper":66,"minecraft:jungle_trapdoor":141,"minecraft:granite":19,"minecraft:nether_brick_stairs":1,"minecraft:iron_hoe":570,"minecraft:bamboo_raft":6,"minecraft:bookshelf":23,"travelersbackpack:gold":1,"minecraft:iron_axe":2671,"minecraft:smooth_sandstone":818,"minecraft:jungle_log":21,"minecraft:bamboo":77,"minecraft:diamond_chestplate":9,"minecraft:barrel":1,"minecraft:tripwire_hook":2,"minecraft:glowstone":24,"minecraft:basalt":5,"minecraft:soul_soil":20,"minecraft:minecart":39,"minecraft:orange_terracotta":8,"minecraft:bamboo_planks":1,"minecraft:observer":98,"minecraft:cobbled_deepslate":22,"minecraft:wheat_seeds":293,"minecraft:water_bucket":173,"minecraft:amethyst_block":1,"minecraft:baked_potato":224,"minecraft:cut_sandstone":987,"minecraft:smooth_sandstone_slab":7,"minecraft:fletching_table":43,"minecraft:green_bed":32,"minecraft:polished_deepslate_slab":2183,"minecraft:rail":328,"minecraft:lime_bed":4,"minecraft:crafting_table":8,"minecraft:white_bed":16,"minecraft:campfire":26,"justhammers:iron_hammer":1991,"minecraft:smoker":3,"minecraft:piston":102,"minecraft:ender_eye":24,"minecraft:diamond_pickaxe":4655,"minecraft:diamond_shovel":384,"minecraft:iron_pickaxe":252,"minecraft:suspicious_stew":21,"minecraft:map":1,"minecraft:detector_rail":1,"justhammers:stone_hammer":2739,"minecraft:stone_axe":1576,"minecraft:green_carpet":5,"minecraft:cobblestone":90,"travelersbackpack:standard":3,"minecraft:jungle_door":1,"minecraft:bucket":190},"minecraft:killed":{"minecraft:spider":34,"minecraft:skeleton":32,"minecraft:silverfish":1,"minecraft:magma_cube":8,"minecraft:piglin":2,"minecraft:pig":1,"minecraft:zombie_villager":20,"minecraft:iron_golem":12,"minecraft:ender_dragon":1,"minecraft:creeper":15,"minecraft:sheep":11,"minecraft:trader_llama":4,"minecraft:pillager":6,"minecraft:zombie":95,"minecraft:blaze":34,"minecraft:cow":6,"minecraft:phantom":8,"minecraft:husk":84,"minecraft:hoglin":1,"minecraft:wither_skeleton":7,"minecraft:player":2,"minecraft:villager":1,"minecraft:enderman":4},"minecraft:mined":{"minecraft:white_bed":4,"minecraft:farmland":1,"minecraft:jungle_slab":1,"minecraft:jungle_leaves":22,"minecraft:potted_cactus":3,"minecraft:brewing_stand":2,"minecraft:obsidian":17,"minecraft:potted_dead_bush":1,"minecraft:granite":73,"minecraft:red_sand":40,"minecraft:grass_block":665,"minecraft:jungle_log":14187,"minecraft:soul_soil":51,"minecraft:composter":4,"minecraft:nether_wart":110,"minecraft:spawner":1,"minecraft:weeping_vines_plant":4,"minecraft:glowstone":31,"minecraft:iron_ore":13,"minecraft:fire":27,"minecraft:cobbled_deepslate":4,"minecraft:pumpkin":17,"minecraft:anvil":2,"minecraft:deepslate_lapis_ore":26,"minecraft:fletching_table":34,"minecraft:nether_brick_stairs":7,"minecraft:polished_deepslate_slab":72,"minecraft:iron_bars":1,"minecraft:green_carpet":4,"minecraft:smooth_sandstone_stairs":19,"minecraft:green_bed":31,"minecraft:jungle_trapdoor":16,"minecraft:jungle_button":6,"minecraft:deepslate_redstone_ore":79,"minecraft:cut_sandstone":85,"minecraft:jungle_door":1,"minecraft:orange_terracotta":79,"minecraft:melon_stem":2,"minecraft:smoker":2,"minecraft:amethyst_cluster":31,"minecraft:clay":1,"visualworkbench:minecraft/crafting_table":7,"minecraft:torch":12,"minecraft:light_gray_terracotta":11,"minecraft:calcite":2,"minecraft:chest":17,"minecraft:dead_bush":23,"minecraft:glass":25,"minecraft:nether_quartz_ore":76,"minecraft:cobblestone":25,"minecraft:oak_planks":4,"minecraft:sugar_cane":47,"minecraft:cyan_bed":10,"minecraft:grindstone":3,"minecraft:smooth_sandstone_slab":49,"minecraft:wall_torch":1,"minecraft:amethyst_block":1,"minecraft:white_terracotta":6,"minecraft:powered_rail":1,"minecraft:nether_wart_block":50,"minecraft:wheat":214,"minecraft:oak_log":18,"minecraft:beetroots":1,"minecraft:sand":2368,"minecraft:dirt":941,"minecraft:sandstone_wall":5,"minecraft:smooth_basalt":2,"minecraft:netherrack":986,"minecraft:piston":6,"minecraft:oak_leaves":40,"minecraft:deepslate":933,"minecraft:yellow_terracotta":26,"minecraft:nether_gold_ore":34,"minecraft:tuff":56,"minecraft:deepslate_diamond_ore":66,"minecraft:end_stone":3,"minecraft:glow_lichen":1,"minecraft:nether_bricks":51,"minecraft:jungle_planks":51,"minecraft:weeping_vines":3,"minecraft:redstone_wire":3,"minecraft:moss_block":5,"minecraft:sandstone":1171,"minecraft:crimson_stem":14,"minecraft:hay_block":27,"minecraft:furnace":7,"minecraft:jungle_sapling":75,"minecraft:chiseled_sandstone":3,"minecraft:andesite":50,"minecraft:polished_deepslate":58,"minecraft:bell":1,"minecraft:nether_brick_fence":28,"minecraft:bookshelf":19,"minecraft:potatoes":636,"minecraft:deepslate_iron_ore":1,"minecraft:vine":149,"minecraft:rail":232,"minecraft:stripped_jungle_log":1,"minecraft:bamboo":626,"minecraft:stone":1145,"minecraft:jungle_fence_gate":1,"minecraft:smithing_table":1,"minecraft:scaffolding":9,"minecraft:soul_sand":89,"minecraft:infested_stone_bricks":2,"minecraft:basalt":5,"minecraft:observer":50,"minecraft:oak_fence":1,"travelersbackpack:standard":1,"minecraft:jungle_sign":2,"minecraft:smooth_sandstone":368,"minecraft:short_grass":71,"minecraft:campfire":1,"minecraft:lectern":10,"minecraft:copper_ore":10,"minecraft:tall_grass":2,"minecraft:lapis_ore":3,"minecraft:deepslate_gold_ore":67,"minecraft:diorite":12,"minecraft:red_terracotta":3,"minecraft:cactus":69,"minecraft:lime_bed":4,"minecraft:redstone_torch":1,"minecraft:birch_leaves":1,"minecraft:jungle_fence":159,"minecraft:coal_ore":143,"minecraft:gravel":74,"minecraft:cobweb":33,"minecraft:cracked_stone_bricks":4,"minecraft:terracotta":37,"minecraft:stone_bricks":16,"minecraft:mossy_stone_bricks":15,"minecraft:gold_ore":11,"minecraft:jungle_wall_sign":2,"minecraft:fern":21},"minecraft:picked_up":{"minecraft:wheat":236,"travelersbackpack:bat":2,"minecraft:nether_brick_fence":27,"minecraft:flower_pot":4,"minecraft:anvil":2,"minecraft:smithing_table":1,"minecraft:lead":2,"minecraft:brewing_stand":2,"minecraft:amethyst_block":1,"minecraft:polished_deepslate":31,"minecraft:music_disc_cat":1,"minecraft:string":76,"minecraft:soul_soil":41,"minecraft:raw_copper":79,"minecraft:iron_leggings":1,"minecraft:beetroot":2,"minecraft:red_sand":183,"minecraft:gold_nugget":315,"minecraft:cobbled_deepslate":5258,"minecraft:bucket":1,"minecraft:eye_armor_trim_smithing_template":2,"minecraft:redstone_torch":1,"minecraft:calcite":2,"minecraft:ender_eye":6,"minecraft:furnace":9,"minecraft:golden_helmet":4,"minecraft:stick":1856,"minecraft:jungle_door":5,"minecraft:composter":4,"minecraft:oak_fence":1,"minecraft:torch":148,"minecraft:green_bed":32,"minecraft:sandstone_wall":15,"minecraft:porkchop":6,"minecraft:diorite":12,"minecraft:cactus":349,"minecraft:rotten_flesh":289,"minecraft:armadillo_scute":8,"minecraft:bookshelf":25,"minecraft:white_terracotta":75,"minecraft:blaze_rod":28,"minecraft:obsidian":24,"minecraft:iron_bars":41,"minecraft:cobblestone":8894,"minecraft:andesite":50,"minecraft:jungle_log":15376,"minecraft:smoker":3,"minecraft:potato":4162,"minecraft:flint":53,"minecraft:tuff":264,"minecraft:smooth_sandstone_stairs":24,"minecraft:lapis_lazuli":300,"minecraft:dirt":7936,"minecraft:name_tag":2,"minecraft:glass":45,"minecraft:bone":1996,"minecraft:bow":8,"minecraft:wheat_seeds":993,"minecraft:raw_gold":159,"minecraft:bell":1,"minecraft:grindstone":3,"travelersbackpack:gold":2,"minecraft:mossy_stone_bricks":15,"minecraft:fletching_table":34,"minecraft:glowstone_dust":113,"minecraft:bamboo":7299,"minecraft:powered_rail":4,"minecraft:moss_block":5,"minecraft:stone_hoe":1,"minecraft:oak_planks":4,"minecraft:poisonous_potato":9,"minecraft:sand":10633,"minecraft:bamboo_raft":5,"minecraft:jungle_planks":1655,"minecraft:nether_brick_stairs":9,"minecraft:dead_bush":6,"minecraft:grass_block":1,"minecraft:cyan_bed":10,"minecraft:red_terracotta":26,"minecraft:jungle_slab":1,"minecraft:chiseled_sandstone":3,"minecraft:mossy_cobblestone":1,"minecraft:jungle_leaves":12,"minecraft:light_gray_terracotta":58,"minecraft:diamond":131,"minecraft:lever":1,"minecraft:granite":115,"minecraft:bone_meal":141,"minecraft:emerald":192,"minecraft:golden_horse_armor":2,"minecraft:bread":10,"minecraft:oak_sapling":17,"minecraft:netherrack":1228,"minecraft:crafting_table":8,"minecraft:leather_leggings":1,"minecraft:sandstone_slab":4,"minecraft:ominous_bottle":3,"minecraft:nether_wart":389,"minecraft:clay_ball":5,"minecraft:chest_minecart":1,"minecraft:jungle_trapdoor":23,"minecraft:iron_axe":2,"travelersbackpack:horse":1,"minecraft:cracked_stone_bricks":4,"minecraft:detector_rail":1,"minecraft:beef":14,"minecraft:observer":50,"minecraft:jungle_sapling":1296,"minecraft:poppy":19,"minecraft:minecart":39,"minecraft:lectern":10,"minecraft:sugar_cane":88,"minecraft:chest":42,"minecraft:piston":6,"minecraft:phantom_membrane":12,"minecraft:egg":3,"minecraft:raw_iron":19,"minecraft:sandstone":4635,"minecraft:end_stone":3,"minecraft:polished_deepslate_slab":68,"minecraft:stone_button":1,"minecraft:cookie":128,"minecraft:jungle_fence_gate":1,"minecraft:carrot":1,"minecraft:redstone":513,"minecraft:jungle_sign":4,"minecraft:smooth_sandstone_slab":141,"minecraft:arrow":35,"minecraft:weeping_vines":22,"minecraft:stone_shovel":1,"minecraft:beetroot_seeds":26,"minecraft:nether_bricks":62,"minecraft:shears":1,"minecraft:hay_block":27,"minecraft:yellow_terracotta":181,"minecraft:saddle":1,"minecraft:gold_ingot":9,"minecraft:glow_berries":13,"minecraft:mutton":16,"minecraft:bone_block":3,"minecraft:rail":268,"minecraft:white_wool":10,"minecraft:lime_bed":4,"minecraft:jungle_boat":12,"minecraft:basalt":5,"minecraft:glow_ink_sac":4,"minecraft:tripwire_hook":2,"minecraft:crimson_stem":14,"minecraft:cut_sandstone":203,"minecraft:leather":10,"minecraft:jungle_fence":109,"minecraft:filled_map":1,"minecraft:oak_log":16,"minecraft:chainmail_chestplate":2,"minecraft:jungle_button":231,"minecraft:golden_boots":1,"minecraft:nether_wart_block":37,"minecraft:gunpowder":22,"minecraft:paper":21,"minecraft:white_banner":3,"minecraft:orange_terracotta":234,"minecraft:smooth_sandstone":891,"minecraft:apple":224,"minecraft:stone_bricks":16,"minecraft:iron_ingot":66,"minecraft:cobweb":66,"minecraft:iron_sword":1,"minecraft:soul_sand":94,"minecraft:book":27,"minecraft:scaffolding":31,"minecraft:smooth_basalt":2,"minecraft:pumpkin":34,"minecraft:quartz":174,"minecraft:dandelion":2,"minecraft:gravel":433,"minecraft:amethyst_shard":244,"minecraft:white_bed":4,"minecraft:green_carpet":9,"minecraft:spider_eye":30,"minecraft:stripped_jungle_log":1,"travelersbackpack:standard":1,"minecraft:diamond_shovel":2,"minecraft:pumpkin_seeds":5,"minecraft:iron_helmet":1,"minecraft:diamond_axe":7,"minecraft:gray_wool":1,"minecraft:terracotta":136,"minecraft:baked_potato":17,"minecraft:melon_seeds":23,"minecraft:coal":333,"minecraft:hopper":1,"minecraft:ender_pearl":4},"minecraft:crafted":{"minecraft:jungle_button":445,"minecraft:smooth_stone":6,"minecraft:oak_planks":64,"minecraft:jungle_fence_gate":3,"minecraft:chainmail_helmet":12,"minecraft:barrel":1,"minecraft:cut_sandstone":1864,"minecraft:cut_sandstone_slab":768,"minecraft:blaze_powder":18,"minecraft:stone":19,"minecraft:diamond_shovel":1,"minecraft:lever":1,"minecraft:bookshelf":31,"minecraft:suspicious_stew":21,"minecraft:bamboo_block":756,"minecraft:glass":715,"minecraft:hopper":95,"minecraft:diamond_helmet":2,"minecraft:diamond_leggings":2,"minecraft:iron_boots":22,"minecraft:chest":203,"minecraft:rail":80,"minecraft:stone_hoe":2,"minecraft:ender_eye":18,"minecraft:bamboo_raft":2,"minecraft:emerald":2980,"minecraft:diamond_axe":7,"minecraft:crafting_table":3,"minecraft:jungle_boat":3,"travelersbackpack:standard":1,"minecraft:wooden_pickaxe":1,"minecraft:baked_potato":214,"minecraft:jungle_pressure_plate":64,"minecraft:chainmail_chestplate":12,"minecraft:smithing_table":3,"minecraft:fletching_table":10,"minecraft:brewing_stand":2,"minecraft:campfire":31,"minecraft:polished_deepslate_slab":2118,"minecraft:sea_pickle":1,"minecraft:apple":144,"minecraft:bamboo_planks":268,"minecraft:lectern":9,"minecraft:book":3,"minecraft:paper":300,"minecraft:diamond_pickaxe":2,"minecraft:shield":1,"minecraft:stick":91204,"minecraft:iron_ingot":666,"minecraft:iron_pickaxe":1,"minecraft:iron_block":256,"minecraft:stone_sword":1,"minecraft:gold_ingot":51,"minecraft:sandstone":635,"minecraft:redstone_torch":3,"minecraft:elytra":1,"minecraft:composter":12,"minecraft:shears":2,"minecraft:jungle_sign":42,"minecraft:cookie":432,"minecraft:redstone":62,"minecraft:stone_shovel":4,"minecraft:tripwire_hook":2,"minecraft:furnace":7,"minecraft:blast_furnace":2,"minecraft:piston":96,"minecraft:jungle_trapdoor":128,"minecraft:bone_meal":9996,"minecraft:flint_and_steel":1,"minecraft:scaffolding":306,"travelersbackpack:white_sleeping_bag":1,"minecraft:polished_deepslate":2944,"minecraft:iron_axe":31,"minecraft:ladder":12,"minecraft:iron_hoe":3,"minecraft:ender_pearl":30,"minecraft:stone_pickaxe":1,"minecraft:diamond_boots":2,"minecraft:jungle_fence":282,"minecraft:chainmail_leggings":12,"minecraft:minecart":3,"minecraft:observer":96,"minecraft:wheat":243,"minecraft:bone_block":1111,"minecraft:diamond_sword":3,"minecraft:enchanting_table":1,"travelersbackpack:backpack_tank":2,"minecraft:powered_rail":6,"minecraft:bucket":2,"minecraft:stone_axe":31,"minecraft:glowstone":44,"minecraft:enchanted_book":20,"minecraft:jungle_slab":144,"minecraft:bread":288,"minecraft:air":0,"minecraft:jungle_planks":50549,"justhammers:iron_hammer":26,"minecraft:white_wool":412,"justhammers:stone_hammer":63,"minecraft:chainmail_boots":13,"minecraft:anvil":2,"minecraft:white_bed":23,"minecraft:torch":256,"minecraft:lapis_lazuli":36,"minecraft:firework_rocket":645,"minecraft:diamond_chestplate":2},"minecraft:killed_by":{"minecraft:creeper":4,"minecraft:blaze":1,"minecraft:zombie":7,"minecraft:husk":7,"minecraft:spider":1,"minecraft:iron_golem":2,"minecraft:skeleton":1},"minecraft:custom":{"minecraft:interact_with_crafting_table":191,"minecraft:open_barrel":47,"minecraft:bell_ring":1,"minecraft:leave_game":19,"minecraft:time_since_death":868102,"minecraft:sprint_one_cm":3345052,"minecraft:damage_blocked_by_shield":1450,"minecraft:drop":444,"minecraft:talked_to_villager":551,"minecraft:play_time":2538161,"minecraft:deaths":32,"minecraft:jump":18323,"minecraft:walk_on_water_one_cm":325288,"minecraft:enchant_item":12,"minecraft:interact_with_furnace":76,"minecraft:traded_with_villager":3416,"minecraft:sleep_in_bed":61,"minecraft:damage_dealt":79624,"minecraft:player_kills":2,"minecraft:crouch_one_cm":401695,"minecraft:interact_with_smoker":13,"minecraft:horse_one_cm":5360,"minecraft:interact_with_anvil":10,"minecraft:mob_kills":392,"minecraft:inspect_hopper":3,"minecraft:climb_one_cm":82121,"minecraft:walk_one_cm":4998163,"minecraft:sneak_time":119519,"minecraft:walk_under_water_one_cm":166113,"minecraft:boat_one_cm":719968,"minecraft:total_world_time":2538161,"minecraft:interact_with_grindstone":9,"minecraft:time_since_rest":82200,"minecraft:damage_taken":20672,"minecraft:swim_one_cm":74985,"minecraft:fly_one_cm":4734082,"minecraft:open_chest":1554,"minecraft:aviate_one_cm":4899181,"minecraft:fall_one_cm":258409},"minecraft:dropped":{"minecraft:diamond_axe":7,"minecraft:jungle_fence":3,"minecraft:cookie":256,"minecraft:fletching_table":1,"minecraft:jungle_planks":1422,"minecraft:cracked_stone_bricks":4,"minecraft:flint":1,"minecraft:emerald":192,"minecraft:dirt":8,"minecraft:jungle_button":5,"minecraft:stone_button":1,"minecraft:jungle_sapling":1,"minecraft:gold_nugget":8,"minecraft:bone_meal":132,"minecraft:phantom_membrane":8,"minecraft:sand":131,"minecraft:bone":1935,"minecraft:gravel":4,"minecraft:stone_axe":17,"minecraft:sugar_cane":10,"minecraft:lever":1,"minecraft:cobbled_deepslate":89,"minecraft:smooth_sandstone_stairs":18,"minecraft:rotten_flesh":40,"minecraft:oak_planks":4,"minecraft:diamond_shovel":2,"minecraft:jungle_trapdoor":6,"minecraft:chainmail_chestplate":13,"minecraft:sandstone_wall":12,"minecraft:poppy":718,"minecraft:gunpowder":2,"minecraft:hopper":1,"minecraft:beetroot_seeds":12,"minecraft:jungle_log":871,"minecraft:chainmail_boots":13,"minecraft:chest":21,"minecraft:arrow":4,"minecraft:netherrack":169,"minecraft:egg":1,"minecraft:golden_boots":1,"minecraft:wheat_seeds":438,"minecraft:poisonous_potato":2,"minecraft:yellow_terracotta":6,"minecraft:oak_fence":1,"minecraft:cobblestone":928,"minecraft:apple":128,"minecraft:granite":42,"minecraft:chainmail_helmet":12,"minecraft:stick":197,"minecraft:diorite":4,"minecraft:torch":121,"minecraft:jungle_door":2,"minecraft:green_carpet":4,"minecraft:smooth_sandstone_slab":87,"minecraft:iron_axe":12,"minecraft:cactus":66,"minecraft:smooth_sandstone":21,"minecraft:chainmail_leggings":12,"minecraft:string":16,"minecraft:tripwire_hook":2,"minecraft:blaze_rod":7,"minecraft:light_gray_terracotta":3,"minecraft:raw_copper":4,"minecraft:tuff":124,"minecraft:raw_iron":2,"minecraft:polished_deepslate_slab":1,"minecraft:iron_boots":22,"minecraft:potato":471,"minecraft:flower_pot":2,"minecraft:orange_terracotta":4,"minecraft:andesite":16,"minecraft:mossy_stone_bricks":15,"minecraft:oak_sapling":7,"minecraft:spider_eye":2,"minecraft:stone_bricks":16,"minecraft:sandstone":413,"minecraft:red_sand":12,"minecraft:raw_gold":4,"minecraft:terracotta":1}},"DataVersion":3955}