{"stats":{"minecraft:crafted":{"minecraft:jungle_button":380,"minecraft:chainmail_helmet":2,"minecraft:smooth_stone":3,"minecraft:oak_planks":16,"minecraft:jungle_fence_gate":1,"minecraft:stone_shovel":4,"minecraft:barrel":1,"minecraft:tripwire_hook":2,"minecraft:furnace":2,"minecraft:blast_furnace":1,"minecraft:jungle_trapdoor":16,"minecraft:stone":6,"minecraft:lever":1,"minecraft:bookshelf":10,"minecraft:bamboo_block":213,"minecraft:glass":64,"minecraft:hopper":1,"travelersbackpack:white_sleeping_bag":1,"minecraft:iron_boots":12,"minecraft:iron_axe":14,"minecraft:ladder":3,"minecraft:stone_pickaxe":1,"minecraft:chest":16,"minecraft:rail":32,"minecraft:stone_hoe":2,"minecraft:minecart":1,"minecraft:wheat":243,"minecraft:emerald":352,"minecraft:crafting_table":2,"minecraft:jungle_boat":3,"travelersbackpack:backpack_tank":2,"travelersbackpack:standard":1,"minecraft:powered_rail":6,"minecraft:wooden_pickaxe":1,"minecraft:baked_potato":103,"minecraft:smithing_table":2,"minecraft:fletching_table":6,"minecraft:bucket":1,"minecraft:campfire":1,"minecraft:enchanted_book":1,"minecraft:stone_axe":21,"minecraft:jungle_slab":30,"minecraft:bread":108,"minecraft:air":0,"minecraft:jungle_planks":5180,"minecraft:bamboo_planks":256,"minecraft:diamond_pickaxe":1,"minecraft:lectern":2,"minecraft:book":3,"minecraft:paper":9,"justhammers:stone_hammer":26,"minecraft:stick":9240,"minecraft:chainmail_boots":1,"minecraft:iron_pickaxe":1,"minecraft:iron_block":6,"minecraft:stone_sword":1,"minecraft:gold_ingot":17,"minecraft:sandstone":52,"minecraft:anvil":2,"minecraft:redstone_torch":1,"minecraft:composter":1,"minecraft:shears":1,"minecraft:jungle_sign":12},"minecraft:picked_up":{"minecraft:crafting_table":3,"minecraft:wheat":173,"travelersbackpack:bat":1,"minecraft:ominous_bottle":3,"minecraft:clay_ball":5,"minecraft:chest_minecart":1,"minecraft:amethyst_block":1,"minecraft:iron_axe":1,"minecraft:music_disc_cat":1,"minecraft:jungle_trapdoor":5,"minecraft:string":32,"minecraft:raw_copper":45,"minecraft:iron_leggings":1,"minecraft:beetroot":2,"minecraft:cobbled_deepslate":2163,"minecraft:detector_rail":1,"minecraft:bucket":1,"minecraft:beef":14,"minecraft:calcite":2,"minecraft:jungle_sapling":189,"minecraft:poppy":12,"minecraft:minecart":12,"minecraft:lectern":7,"minecraft:sugar_cane":14,"minecraft:chest":11,"minecraft:stick":223,"minecraft:raw_iron":17,"minecraft:sandstone":855,"minecraft:composter":1,"minecraft:torch":4,"minecraft:green_bed":19,"minecraft:porkchop":3,"minecraft:jungle_fence_gate":1,"minecraft:diorite":6,"minecraft:redstone":436,"minecraft:arrow":15,"minecraft:cactus":9,"minecraft:stone_shovel":1,"minecraft:rotten_flesh":72,"minecraft:beetroot_seeds":8,"minecraft:hay_block":27,"minecraft:saddle":1,"minecraft:gold_ingot":9,"minecraft:glow_berries":5,"minecraft:obsidian":24,"minecraft:mutton":16,"minecraft:rail":85,"minecraft:white_wool":10,"minecraft:cobblestone":1671,"minecraft:lime_bed":2,"minecraft:jungle_boat":10,"minecraft:glow_ink_sac":4,"minecraft:andesite":34,"minecraft:jungle_log":2442,"minecraft:cut_sandstone":6,"minecraft:leather":7,"minecraft:smoker":2,"minecraft:potato":671,"minecraft:flint":40,"minecraft:tuff":146,"minecraft:oak_log":14,"minecraft:jungle_button":218,"minecraft:gunpowder":3,"minecraft:lapis_lazuli":286,"minecraft:dirt":1699,"minecraft:white_banner":3,"minecraft:name_tag":2,"minecraft:smooth_sandstone":193,"minecraft:bone":33,"minecraft:bow":4,"minecraft:wheat_seeds":476,"minecraft:raw_gold":155,"minecraft:iron_ingot":63,"minecraft:grindstone":1,"minecraft:fletching_table":9,"minecraft:bamboo":2318,"minecraft:moss_block":5,"minecraft:stone_hoe":1,"minecraft:book":3,"minecraft:smooth_basalt":2,"minecraft:pumpkin":17,"minecraft:poisonous_potato":3,"minecraft:gravel":322,"minecraft:sand":3674,"minecraft:jungle_planks":90,"minecraft:amethyst_shard":244,"minecraft:dead_bush":5,"minecraft:cyan_bed":6,"minecraft:spider_eye":4,"minecraft:mossy_cobblestone":1,"minecraft:diamond":71,"minecraft:iron_helmet":1,"minecraft:granite":10,"minecraft:gray_wool":1,"minecraft:golden_horse_armor":2,"minecraft:bread":10,"minecraft:terracotta":6,"minecraft:oak_sapling":5,"minecraft:melon_seeds":10,"minecraft:coal":221},"minecraft:dropped":{"minecraft:wheat_seeds":100,"minecraft:poisonous_potato":1,"minecraft:stick":1,"minecraft:gold_nugget":8,"minecraft:iron_axe":1,"minecraft:sand":2,"minecraft:stone_axe":7,"minecraft:cobbled_deepslate":64,"minecraft:tuff":6,"minecraft:iron_boots":11,"minecraft:poppy":89,"minecraft:potato":100,"minecraft:jungle_log":64,"minecraft:sandstone":3},"minecraft:used":{"minecraft:stone_sword":130,"minecraft:stone_shovel":496,"minecraft:ladder":2,"minecraft:chest":25,"travelersbackpack:bat":1,"minecraft:stone_hoe":144,"minecraft:rotten_flesh":2,"minecraft:anvil":2,"minecraft:dirt":1247,"minecraft:hopper":1,"minecraft:jungle_planks":143,"minecraft:jungle_slab":9,"minecraft:jungle_trapdoor":21,"minecraft:glass":7,"minecraft:jungle_sapling":117,"minecraft:lava_bucket":1,"minecraft:bookshelf":1,"minecraft:jungle_fence_gate":1,"minecraft:iron_axe":1024,"minecraft:smooth_sandstone":3,"minecraft:barrel":1,"minecraft:bamboo":77,"minecraft:tripwire_hook":2,"minecraft:jungle_button":597,"minecraft:furnace":1,"minecraft:minecart":12,"minecraft:potato":245,"minecraft:cobbled_deepslate":6,"minecraft:wheat_seeds":184,"minecraft:water_bucket":25,"minecraft:diorite":2,"minecraft:amethyst_block":1,"minecraft:stone_pickaxe":131,"minecraft:powered_rail":3,"minecraft:wooden_pickaxe":24,"minecraft:composter":2,"minecraft:green_bed":19,"minecraft:fletching_table":15,"minecraft:sandstone":290,"minecraft:jungle_boat":12,"minecraft:blast_furnace":1,"minecraft:lime_bed":2,"minecraft:sand":139,"minecraft:rail":70,"minecraft:crafting_table":4,"minecraft:campfire":1,"minecraft:shears":8,"minecraft:smoker":2,"minecraft:redstone_torch":1,"minecraft:lever":1,"minecraft:diamond_pickaxe":798,"minecraft:iron_pickaxe":252,"minecraft:string":14,"minecraft:bread":103,"minecraft:cyan_bed":6,"minecraft:detector_rail":1,"minecraft:lectern":9,"justhammers:stone_hammer":1244,"minecraft:stone_axe":1576,"minecraft:jungle_sign":12,"minecraft:cobblestone":19,"minecraft:grindstone":1,"minecraft:smithing_table":2,"minecraft:andesite":1,"minecraft:bucket":33,"minecraft:chest_minecart":1},"minecraft:broken":{"minecraft:stone_sword":1,"minecraft:iron_leggings":1,"minecraft:stone_hoe":1,"minecraft:stone_pickaxe":1,"minecraft:iron_axe":1,"minecraft:stone_axe":10,"minecraft:iron_pickaxe":1,"minecraft:iron_helmet":1,"minecraft:stone_shovel":2},"minecraft:mined":{"minecraft:tuff":36,"minecraft:deepslate_diamond_ore":39,"minecraft:jungle_leaves":6,"minecraft:obsidian":17,"minecraft:glow_lichen":1,"minecraft:granite":10,"minecraft:grass_block":197,"minecraft:jungle_planks":26,"minecraft:jungle_log":2027,"minecraft:composter":1,"minecraft:moss_block":5,"minecraft:sandstone":132,"minecraft:hay_block":27,"minecraft:iron_ore":13,"minecraft:cobbled_deepslate":2,"minecraft:andesite":34,"minecraft:pumpkin":17,"minecraft:deepslate_lapis_ore":26,"minecraft:fletching_table":9,"minecraft:deepslate_iron_ore":1,"minecraft:bookshelf":1,"minecraft:potatoes":166,"minecraft:vine":27,"minecraft:rail":67,"minecraft:bamboo":239,"minecraft:stone":292,"minecraft:jungle_fence_gate":1,"minecraft:green_bed":19,"minecraft:jungle_trapdoor":3,"minecraft:jungle_button":5,"minecraft:deepslate_redstone_ore":79,"minecraft:cut_sandstone":3,"minecraft:amethyst_cluster":31,"minecraft:melon_stem":2,"minecraft:smoker":2,"minecraft:clay":1,"visualworkbench:minecraft/crafting_table":3,"minecraft:smooth_sandstone":67,"minecraft:jungle_sign":1,"minecraft:short_grass":27,"minecraft:calcite":2,"minecraft:lapis_ore":3,"minecraft:diorite":6,"minecraft:chest":10,"minecraft:dead_bush":9,"minecraft:campfire":1,"minecraft:lectern":7,"minecraft:copper_ore":7,"minecraft:glass":1,"minecraft:tall_grass":1,"minecraft:cobblestone":5,"minecraft:deepslate_gold_ore":67,"minecraft:cyan_bed":6,"minecraft:grindstone":1,"minecraft:sugar_cane":6,"minecraft:amethyst_block":1,"minecraft:lime_bed":2,"minecraft:wheat":151,"minecraft:oak_log":16,"minecraft:coal_ore":127,"minecraft:beetroots":1,"minecraft:gravel":50,"minecraft:sand":1079,"minecraft:dirt":172,"minecraft:smooth_basalt":2,"minecraft:terracotta":1,"minecraft:gold_ore":11,"minecraft:oak_leaves":11,"minecraft:deepslate":516,"minecraft:fern":10},"minecraft:custom":{"minecraft:interact_with_anvil":2,"minecraft:mob_kills":113,"minecraft:inspect_hopper":1,"minecraft:interact_with_crafting_table":75,"minecraft:open_barrel":19,"minecraft:leave_game":12,"minecraft:time_since_death":17983,"minecraft:climb_one_cm":21000,"minecraft:sprint_one_cm":911824,"minecraft:walk_one_cm":1326782,"minecraft:drop":38,"minecraft:talked_to_villager":116,"minecraft:play_time":630544,"minecraft:sneak_time":26323,"minecraft:deaths":26,"minecraft:walk_under_water_one_cm":18370,"minecraft:boat_one_cm":506848,"minecraft:jump":5175,"minecraft:walk_on_water_one_cm":53184,"minecraft:total_world_time":630544,"minecraft:interact_with_furnace":14,"minecraft:traded_with_villager":399,"minecraft:interact_with_grindstone":1,"minecraft:sleep_in_bed":20,"minecraft:time_since_rest":18025,"minecraft:damage_taken":11131,"minecraft:damage_dealt":27497,"minecraft:swim_one_cm":62392,"minecraft:fly_one_cm":1162403,"minecraft:open_chest":483,"minecraft:crouch_one_cm":68976,"minecraft:interact_with_smoker":9,"minecraft:fall_one_cm":106256},"minecraft:killed_by":{"minecraft:husk":6,"minecraft:creeper":4,"minecraft:spider":1,"minecraft:iron_golem":2,"minecraft:skeleton":1,"minecraft:zombie":7},"minecraft:killed":{"minecraft:spider":6,"minecraft:skeleton":11,"minecraft:husk":24,"minecraft:pig":1,"minecraft:zombie_villager":2,"minecraft:iron_golem":11,"minecraft:creeper":2,"minecraft:sheep":11,"minecraft:pillager":6,"minecraft:zombie":29,"minecraft:villager":1,"minecraft:cow":6}},"DataVersion":3955}