{"stats":{"minecraft:crafted":{"minecraft:jungle_button":380,"minecraft:jungle_fence_gate":1,"minecraft:stone_shovel":4,"minecraft:barrel":1,"minecraft:tripwire_hook":2,"minecraft:furnace":1,"minecraft:jungle_trapdoor":12,"minecraft:stone":6,"minecraft:lever":1,"minecraft:bookshelf":10,"minecraft:glass":64,"minecraft:hopper":1,"travelersbackpack:white_sleeping_bag":1,"minecraft:iron_axe":3,"minecraft:ladder":3,"minecraft:stone_pickaxe":1,"minecraft:chest":13,"minecraft:rail":32,"minecraft:stone_hoe":2,"minecraft:minecart":1,"minecraft:wheat":243,"minecraft:emerald":186,"minecraft:crafting_table":2,"minecraft:jungle_boat":3,"travelersbackpack:backpack_tank":2,"travelersbackpack:standard":1,"minecraft:powered_rail":6,"minecraft:wooden_pickaxe":1,"minecraft:baked_potato":103,"minecraft:smithing_table":2,"minecraft:fletching_table":5,"minecraft:bucket":1,"minecraft:campfire":1,"minecraft:stone_axe":20,"minecraft:jungle_slab":30,"minecraft:bread":108,"minecraft:air":0,"minecraft:jungle_planks":3380,"minecraft:lectern":2,"minecraft:book":3,"minecraft:paper":9,"justhammers:stone_hammer":16,"minecraft:stick":5144,"minecraft:iron_pickaxe":1,"minecraft:stone_sword":1,"minecraft:gold_ingot":17,"minecraft:sandstone":13,"minecraft:redstone_torch":1,"minecraft:composter":1,"minecraft:shears":1,"minecraft:jungle_sign":12},"minecraft:picked_up":{"minecraft:crafting_table":3,"minecraft:wheat":139,"travelersbackpack:bat":1,"minecraft:ominous_bottle":3,"minecraft:clay_ball":5,"minecraft:chest_minecart":1,"minecraft:music_disc_cat":1,"minecraft:jungle_trapdoor":4,"minecraft:string":25,"minecraft:raw_copper":18,"minecraft:iron_leggings":1,"minecraft:beetroot":2,"minecraft:cobbled_deepslate":16,"minecraft:detector_rail":1,"minecraft:bucket":1,"minecraft:beef":14,"minecraft:jungle_sapling":141,"minecraft:poppy":12,"minecraft:minecart":7,"minecraft:lectern":7,"minecraft:sugar_cane":14,"minecraft:chest":11,"minecraft:stick":175,"minecraft:raw_iron":13,"minecraft:sandstone":853,"minecraft:composter":1,"minecraft:torch":4,"minecraft:green_bed":19,"minecraft:porkchop":3,"minecraft:jungle_fence_gate":1,"minecraft:redstone":103,"minecraft:arrow":14,"minecraft:cactus":9,"minecraft:stone_shovel":1,"minecraft:rotten_flesh":63,"minecraft:beetroot_seeds":8,"minecraft:hay_block":27,"minecraft:saddle":1,"minecraft:gold_ingot":9,"minecraft:glow_berries":5,"minecraft:obsidian":7,"minecraft:mutton":16,"minecraft:rail":62,"minecraft:white_wool":10,"minecraft:cobblestone":1278,"minecraft:lime_bed":2,"minecraft:jungle_boat":10,"minecraft:andesite":14,"minecraft:jungle_log":1701,"minecraft:cut_sandstone":6,"minecraft:leather":7,"minecraft:smoker":2,"minecraft:potato":450,"minecraft:flint":30,"minecraft:tuff":2,"minecraft:oak_log":14,"minecraft:jungle_button":218,"minecraft:gunpowder":3,"minecraft:lapis_lazuli":55,"minecraft:dirt":1697,"minecraft:white_banner":3,"minecraft:name_tag":2,"minecraft:smooth_sandstone":192,"minecraft:bone":32,"minecraft:bow":4,"minecraft:wheat_seeds":385,"minecraft:raw_gold":17,"minecraft:iron_ingot":62,"minecraft:grindstone":1,"minecraft:fletching_table":7,"minecraft:bamboo":1137,"minecraft:moss_block":5,"minecraft:stone_hoe":1,"minecraft:poisonous_potato":3,"minecraft:gravel":260,"minecraft:sand":3512,"minecraft:jungle_planks":89,"minecraft:dead_bush":5,"minecraft:cyan_bed":6,"minecraft:spider_eye":4,"minecraft:mossy_cobblestone":1,"minecraft:diamond":11,"minecraft:iron_helmet":1,"minecraft:granite":5,"minecraft:gray_wool":1,"minecraft:golden_horse_armor":2,"minecraft:bread":10,"minecraft:terracotta":6,"minecraft:oak_sapling":5,"minecraft:melon_seeds":10,"minecraft:coal":38},"minecraft:dropped":{"minecraft:poisonous_potato":1,"minecraft:stick":1,"minecraft:gold_nugget":8,"minecraft:potato":100,"minecraft:sandstone":3},"minecraft:used":{"minecraft:stone_sword":130,"minecraft:stone_shovel":496,"minecraft:ladder":2,"minecraft:chest":22,"travelersbackpack:bat":1,"minecraft:stone_hoe":144,"minecraft:rotten_flesh":2,"minecraft:dirt":1247,"minecraft:hopper":1,"minecraft:jungle_planks":142,"minecraft:jungle_slab":9,"minecraft:jungle_trapdoor":16,"minecraft:glass":7,"minecraft:jungle_sapling":85,"minecraft:lava_bucket":1,"minecraft:jungle_fence_gate":1,"minecraft:iron_axe":440,"minecraft:smooth_sandstone":2,"minecraft:barrel":1,"minecraft:bamboo":68,"minecraft:tripwire_hook":2,"minecraft:jungle_button":597,"minecraft:furnace":1,"minecraft:minecart":7,"minecraft:potato":202,"minecraft:cobbled_deepslate":3,"minecraft:wheat_seeds":149,"minecraft:water_bucket":17,"minecraft:stone_pickaxe":131,"minecraft:powered_rail":3,"minecraft:wooden_pickaxe":24,"minecraft:composter":2,"minecraft:green_bed":19,"minecraft:fletching_table":12,"minecraft:sandstone":215,"minecraft:jungle_boat":12,"minecraft:lime_bed":2,"minecraft:sand":139,"minecraft:rail":50,"minecraft:crafting_table":4,"minecraft:campfire":1,"minecraft:shears":6,"minecraft:smoker":2,"minecraft:redstone_torch":1,"minecraft:lever":1,"minecraft:iron_pickaxe":205,"minecraft:string":10,"minecraft:bread":77,"minecraft:cyan_bed":6,"minecraft:detector_rail":1,"minecraft:lectern":9,"justhammers:stone_hammer":925,"minecraft:stone_axe":1343,"minecraft:jungle_sign":12,"minecraft:smithing_table":2,"minecraft:andesite":1,"minecraft:bucket":18,"minecraft:chest_minecart":1},"minecraft:broken":{"minecraft:stone_sword":1,"minecraft:stone_hoe":1,"minecraft:stone_pickaxe":1,"minecraft:iron_axe":1,"minecraft:stone_axe":9,"minecraft:iron_helmet":1,"minecraft:stone_shovel":2},"minecraft:mined":{"minecraft:tuff":3,"minecraft:deepslate_diamond_ore":11,"minecraft:jungle_leaves":4,"minecraft:glow_lichen":1,"minecraft:granite":5,"minecraft:grass_block":197,"minecraft:jungle_planks":25,"minecraft:jungle_log":1396,"minecraft:composter":1,"minecraft:moss_block":5,"minecraft:sandstone":130,"minecraft:hay_block":27,"minecraft:iron_ore":13,"minecraft:andesite":14,"minecraft:deepslate_lapis_ore":9,"minecraft:fletching_table":7,"minecraft:potatoes":123,"minecraft:vine":21,"minecraft:rail":45,"minecraft:bamboo":104,"minecraft:stone":149,"minecraft:jungle_fence_gate":1,"minecraft:green_bed":19,"minecraft:jungle_trapdoor":2,"minecraft:jungle_button":5,"minecraft:deepslate_redstone_ore":23,"minecraft:cut_sandstone":3,"minecraft:melon_stem":2,"minecraft:smoker":2,"minecraft:clay":1,"visualworkbench:minecraft/crafting_table":3,"minecraft:smooth_sandstone":66,"minecraft:jungle_sign":1,"minecraft:short_grass":21,"minecraft:chest":10,"minecraft:dead_bush":9,"minecraft:campfire":1,"minecraft:lectern":7,"minecraft:copper_ore":5,"minecraft:glass":1,"minecraft:tall_grass":1,"minecraft:cobblestone":2,"minecraft:deepslate_gold_ore":17,"minecraft:cyan_bed":6,"minecraft:grindstone":1,"minecraft:sugar_cane":6,"minecraft:lime_bed":2,"minecraft:wheat":116,"minecraft:oak_log":16,"minecraft:coal_ore":34,"minecraft:beetroots":1,"minecraft:gravel":29,"minecraft:sand":1047,"minecraft:dirt":170,"minecraft:terracotta":1,"minecraft:oak_leaves":11,"minecraft:deepslate":18,"minecraft:fern":10},"minecraft:custom":{"minecraft:mob_kills":101,"minecraft:inspect_hopper":1,"minecraft:interact_with_crafting_table":64,"minecraft:open_barrel":16,"minecraft:leave_game":11,"minecraft:time_since_death":100686,"minecraft:climb_one_cm":16100,"minecraft:sprint_one_cm":665481,"minecraft:walk_one_cm":1053165,"minecraft:drop":8,"minecraft:talked_to_villager":88,"minecraft:play_time":519100,"minecraft:sneak_time":17308,"minecraft:deaths":21,"minecraft:walk_under_water_one_cm":13770,"minecraft:boat_one_cm":506848,"minecraft:jump":3952,"minecraft:walk_on_water_one_cm":30426,"minecraft:total_world_time":519100,"minecraft:interact_with_furnace":11,"minecraft:traded_with_villager":206,"minecraft:interact_with_grindstone":1,"minecraft:sleep_in_bed":17,"minecraft:time_since_rest":11482,"minecraft:damage_taken":8716,"minecraft:damage_dealt":25244,"minecraft:swim_one_cm":45752,"minecraft:fly_one_cm":874100,"minecraft:open_chest":338,"minecraft:crouch_one_cm":50353,"minecraft:interact_with_smoker":9,"minecraft:fall_one_cm":68423},"minecraft:killed_by":{"minecraft:husk":6,"minecraft:creeper":3,"minecraft:iron_golem":2,"minecraft:skeleton":1,"minecraft:zombie":5},"minecraft:killed":{"minecraft:spider":6,"minecraft:skeleton":10,"minecraft:husk":21,"minecraft:pig":1,"minecraft:zombie_villager":2,"minecraft:iron_golem":11,"minecraft:creeper":2,"minecraft:sheep":11,"minecraft:pillager":6,"minecraft:zombie":21,"minecraft:villager":1,"minecraft:cow":6}},"DataVersion":3955}