{"stats":{"minecraft:used":{"minecraft:ladder":2,"minecraft:chest":42,"minecraft:bell":1,"minecraft:rotten_flesh":4,"minecraft:jungle_planks":147,"minecraft:jungle_slab":13,"minecraft:obsidian":10,"minecraft:jungle_sapling":362,"minecraft:glass":11,"minecraft:lava_bucket":14,"minecraft:jungle_fence_gate":4,"minecraft:jungle_button":604,"minecraft:furnace":4,"minecraft:potato":685,"minecraft:diorite":2,"minecraft:cactus":136,"minecraft:stone_pickaxe":131,"minecraft:powered_rail":7,"minecraft:jungle_fence":286,"minecraft:wooden_pickaxe":24,"minecraft:sandstone":1198,"minecraft:composter":8,"minecraft:diamond_axe":2879,"minecraft:jungle_boat":14,"minecraft:cookie":48,"minecraft:sand":767,"minecraft:blast_furnace":2,"minecraft:shears":8,"minecraft:redstone_torch":2,"minecraft:lever":1,"minecraft:string":14,"minecraft:bread":121,"minecraft:cyan_bed":10,"minecraft:lectern":17,"minecraft:gravel":1,"minecraft:jungle_sign":18,"minecraft:diamond_sword":389,"minecraft:grindstone":2,"minecraft:smithing_table":4,"minecraft:andesite":1,"minecraft:chest_minecart":1,"minecraft:stone_sword":130,"minecraft:flint_and_steel":2,"minecraft:stone_shovel":496,"minecraft:stone_hoe":144,"travelersbackpack:bat":1,"minecraft:dirt":4004,"minecraft:anvil":4,"minecraft:hopper":7,"minecraft:jungle_trapdoor":40,"minecraft:iron_hoe":242,"minecraft:bookshelf":3,"travelersbackpack:gold":1,"minecraft:iron_axe":2671,"minecraft:smooth_sandstone":15,"minecraft:jungle_log":21,"minecraft:barrel":1,"minecraft:bamboo":77,"minecraft:diamond_chestplate":1,"minecraft:tripwire_hook":2,"minecraft:minecart":31,"minecraft:cobbled_deepslate":6,"minecraft:wheat_seeds":293,"minecraft:water_bucket":52,"minecraft:amethyst_block":1,"minecraft:baked_potato":44,"minecraft:fletching_table":43,"minecraft:green_bed":25,"minecraft:rail":204,"minecraft:lime_bed":4,"minecraft:crafting_table":4,"minecraft:campfire":1,"minecraft:smoker":3,"justhammers:iron_hammer":435,"minecraft:diamond_pickaxe":1986,"minecraft:iron_pickaxe":252,"minecraft:suspicious_stew":21,"minecraft:detector_rail":1,"justhammers:stone_hammer":1988,"minecraft:stone_axe":1576,"minecraft:cobblestone":24,"minecraft:bucket":71},"minecraft:crafted":{"minecraft:jungle_button":444,"minecraft:smooth_stone":6,"minecraft:oak_planks":56,"minecraft:chainmail_helmet":12,"minecraft:jungle_fence_gate":3,"minecraft:barrel":1,"minecraft:stone":19,"minecraft:lever":1,"minecraft:bookshelf":13,"minecraft:suspicious_stew":21,"minecraft:bamboo_block":471,"minecraft:glass":64,"minecraft:hopper":7,"minecraft:diamond_helmet":1,"minecraft:diamond_leggings":1,"minecraft:iron_boots":22,"minecraft:chest":41,"minecraft:rail":64,"minecraft:stone_hoe":2,"minecraft:emerald":1307,"minecraft:diamond_axe":2,"minecraft:crafting_table":2,"minecraft:jungle_boat":3,"travelersbackpack:standard":1,"minecraft:wooden_pickaxe":1,"minecraft:baked_potato":214,"minecraft:chainmail_chestplate":12,"minecraft:smithing_table":3,"minecraft:fletching_table":10,"minecraft:campfire":1,"minecraft:sea_pickle":1,"minecraft:apple":144,"minecraft:bamboo_planks":256,"minecraft:lectern":9,"minecraft:book":3,"minecraft:paper":9,"minecraft:diamond_pickaxe":1,"minecraft:stick":37906,"minecraft:iron_ingot":288,"minecraft:iron_pickaxe":1,"minecraft:iron_block":200,"minecraft:stone_sword":1,"minecraft:gold_ingot":17,"minecraft:sandstone":416,"minecraft:redstone_torch":2,"minecraft:composter":4,"minecraft:shears":1,"minecraft:jungle_sign":18,"minecraft:cookie":432,"minecraft:stone_shovel":4,"minecraft:tripwire_hook":2,"minecraft:furnace":3,"minecraft:blast_furnace":2,"minecraft:jungle_trapdoor":34,"minecraft:flint_and_steel":1,"travelersbackpack:white_sleeping_bag":1,"minecraft:iron_axe":31,"minecraft:ladder":3,"minecraft:iron_hoe":1,"minecraft:stone_pickaxe":1,"minecraft:diamond_boots":1,"minecraft:jungle_fence":180,"minecraft:chainmail_leggings":12,"minecraft:minecart":1,"minecraft:wheat":243,"minecraft:diamond_sword":1,"travelersbackpack:backpack_tank":2,"minecraft:powered_rail":6,"minecraft:bucket":1,"minecraft:stone_axe":31,"minecraft:enchanted_book":2,"minecraft:jungle_slab":78,"minecraft:bread":288,"minecraft:air":0,"minecraft:jungle_planks":20120,"justhammers:iron_hammer":5,"justhammers:stone_hammer":44,"minecraft:chainmail_boots":13,"minecraft:anvil":2,"minecraft:diamond_chestplate":1},"minecraft:killed_by":{"minecraft:creeper":4,"minecraft:zombie":7,"minecraft:husk":7,"minecraft:spider":1,"minecraft:iron_golem":2,"minecraft:skeleton":1},"minecraft:picked_up":{"minecraft:wheat":236,"travelersbackpack:bat":1,"minecraft:flower_pot":3,"minecraft:anvil":2,"minecraft:smithing_table":1,"minecraft:lead":2,"minecraft:amethyst_block":1,"minecraft:music_disc_cat":1,"minecraft:string":35,"minecraft:raw_copper":49,"minecraft:iron_leggings":1,"minecraft:beetroot":2,"minecraft:cobbled_deepslate":2163,"minecraft:bucket":1,"minecraft:calcite":2,"minecraft:furnace":3,"minecraft:stick":663,"minecraft:jungle_door":4,"minecraft:composter":4,"minecraft:torch":12,"minecraft:green_bed":25,"minecraft:porkchop":3,"minecraft:sandstone_wall":12,"minecraft:diorite":6,"minecraft:cactus":158,"minecraft:rotten_flesh":125,"minecraft:armadillo_scute":4,"minecraft:obsidian":24,"minecraft:cobblestone":2979,"minecraft:andesite":34,"minecraft:jungle_log":6582,"minecraft:smoker":3,"minecraft:potato":2308,"minecraft:flint":43,"minecraft:tuff":146,"minecraft:smooth_sandstone_stairs":18,"minecraft:lapis_lazuli":286,"minecraft:dirt":4390,"minecraft:name_tag":2,"minecraft:bone":42,"minecraft:bow":6,"minecraft:wheat_seeds":800,"minecraft:raw_gold":155,"minecraft:bell":1,"minecraft:grindstone":2,"travelersbackpack:gold":1,"minecraft:fletching_table":34,"minecraft:bamboo":4323,"minecraft:powered_rail":3,"minecraft:moss_block":5,"minecraft:stone_hoe":1,"minecraft:poisonous_potato":7,"minecraft:jungle_planks":118,"minecraft:sand":6753,"minecraft:grass_block":1,"minecraft:dead_bush":6,"minecraft:cyan_bed":10,"minecraft:jungle_slab":1,"minecraft:chiseled_sandstone":2,"minecraft:mossy_cobblestone":1,"minecraft:jungle_leaves":11,"minecraft:diamond":71,"minecraft:lever":1,"minecraft:granite":10,"minecraft:golden_horse_armor":2,"minecraft:bread":10,"minecraft:oak_sapling":6,"minecraft:netherrack":130,"minecraft:crafting_table":3,"minecraft:ominous_bottle":3,"minecraft:clay_ball":5,"minecraft:chest_minecart":1,"minecraft:jungle_trapdoor":16,"minecraft:iron_axe":2,"minecraft:detector_rail":1,"minecraft:beef":14,"minecraft:jungle_sapling":504,"minecraft:poppy":14,"minecraft:lectern":8,"minecraft:minecart":31,"minecraft:chest":12,"minecraft:sugar_cane":14,"minecraft:raw_iron":17,"minecraft:sandstone":2131,"minecraft:jungle_fence_gate":1,"minecraft:redstone":436,"minecraft:smooth_sandstone_slab":87,"minecraft:stone_shovel":1,"minecraft:arrow":24,"minecraft:beetroot_seeds":8,"minecraft:hay_block":27,"minecraft:saddle":1,"minecraft:gold_ingot":9,"minecraft:glow_berries":5,"minecraft:mutton":16,"minecraft:rail":190,"minecraft:white_wool":10,"minecraft:lime_bed":4,"minecraft:jungle_boat":12,"minecraft:tripwire_hook":2,"minecraft:glow_ink_sac":4,"minecraft:cut_sandstone":83,"minecraft:leather":9,"minecraft:jungle_fence":102,"minecraft:oak_log":14,"minecraft:jungle_button":227,"minecraft:golden_boots":1,"minecraft:gunpowder":5,"minecraft:white_banner":3,"minecraft:smooth_sandstone":610,"minecraft:iron_ingot":66,"minecraft:soul_sand":21,"minecraft:book":9,"minecraft:smooth_basalt":2,"minecraft:pumpkin":17,"minecraft:dandelion":2,"minecraft:gravel":327,"minecraft:amethyst_shard":244,"minecraft:green_carpet":4,"minecraft:spider_eye":5,"minecraft:stripped_jungle_log":1,"minecraft:iron_helmet":1,"minecraft:gray_wool":1,"minecraft:terracotta":16,"minecraft:baked_potato":17,"minecraft:melon_seeds":10,"minecraft:coal":260,"minecraft:ender_pearl":1},"minecraft:custom":{"minecraft:interact_with_crafting_table":111,"minecraft:open_barrel":32,"minecraft:bell_ring":1,"minecraft:leave_game":13,"minecraft:time_since_death":426873,"minecraft:sprint_one_cm":1699349,"minecraft:drop":167,"minecraft:talked_to_villager":331,"minecraft:play_time":1464405,"minecraft:deaths":27,"minecraft:jump":8723,"minecraft:walk_on_water_one_cm":119307,"minecraft:interact_with_furnace":24,"minecraft:traded_with_villager":1553,"minecraft:sleep_in_bed":39,"minecraft:damage_dealt":42926,"minecraft:crouch_one_cm":156103,"minecraft:interact_with_smoker":12,"minecraft:mob_kills":193,"minecraft:interact_with_anvil":2,"minecraft:inspect_hopper":2,"minecraft:climb_one_cm":33323,"minecraft:walk_one_cm":2550974,"minecraft:sneak_time":58006,"minecraft:walk_under_water_one_cm":22669,"minecraft:boat_one_cm":507073,"minecraft:total_world_time":1464405,"minecraft:interact_with_grindstone":1,"minecraft:time_since_rest":9742,"minecraft:damage_taken":14257,"minecraft:swim_one_cm":62392,"minecraft:fly_one_cm":1973690,"minecraft:open_chest":803,"minecraft:fall_one_cm":134074},"minecraft:broken":{"minecraft:iron_leggings":1,"minecraft:stone_pickaxe":1,"minecraft:stone_axe":10,"minecraft:stone_shovel":2,"minecraft:stone_sword":1,"minecraft:stone_hoe":1,"minecraft:diamond_axe":1,"minecraft:iron_axe":1,"minecraft:iron_pickaxe":1,"minecraft:iron_helmet":1},"minecraft:killed":{"minecraft:spider":14,"minecraft:skeleton":18,"minecraft:pig":1,"minecraft:zombie_villager":3,"minecraft:iron_golem":12,"minecraft:creeper":5,"minecraft:sheep":11,"minecraft:trader_llama":4,"minecraft:pillager":6,"minecraft:zombie":48,"minecraft:cow":6,"minecraft:husk":58,"minecraft:villager":1,"minecraft:enderman":2},"minecraft:mined":{"minecraft:jungle_slab":1,"minecraft:jungle_leaves":17,"minecraft:potted_cactus":2,"minecraft:obsidian":17,"minecraft:potted_dead_bush":1,"minecraft:granite":10,"minecraft:grass_block":304,"minecraft:jungle_log":6172,"minecraft:composter":4,"minecraft:fire":1,"minecraft:iron_ore":13,"minecraft:cobbled_deepslate":2,"minecraft:pumpkin":17,"minecraft:fletching_table":34,"minecraft:deepslate_lapis_ore":26,"minecraft:anvil":2,"minecraft:smooth_sandstone_stairs":18,"minecraft:green_bed":24,"minecraft:jungle_trapdoor":9,"minecraft:jungle_button":5,"minecraft:deepslate_redstone_ore":79,"minecraft:cut_sandstone":35,"minecraft:melon_stem":2,"minecraft:smoker":2,"minecraft:amethyst_cluster":31,"visualworkbench:minecraft/crafting_table":3,"minecraft:clay":1,"minecraft:calcite":2,"minecraft:chest":11,"minecraft:dead_bush":10,"minecraft:glass":1,"minecraft:cobblestone":6,"minecraft:cyan_bed":10,"minecraft:grindstone":2,"minecraft:sugar_cane":6,"minecraft:smooth_sandstone_slab":36,"minecraft:amethyst_block":1,"minecraft:wheat":214,"minecraft:oak_log":16,"minecraft:beetroots":1,"minecraft:sand":1649,"minecraft:dirt":501,"minecraft:sandstone_wall":5,"minecraft:smooth_basalt":2,"minecraft:netherrack":131,"minecraft:oak_leaves":11,"minecraft:deepslate":516,"minecraft:tuff":36,"minecraft:deepslate_diamond_ore":39,"minecraft:glow_lichen":1,"minecraft:jungle_planks":30,"minecraft:moss_block":5,"minecraft:sandstone":620,"minecraft:hay_block":27,"minecraft:furnace":1,"minecraft:jungle_sapling":5,"minecraft:chiseled_sandstone":2,"minecraft:andesite":34,"minecraft:bell":1,"minecraft:bookshelf":3,"minecraft:potatoes":476,"minecraft:rail":161,"minecraft:deepslate_iron_ore":1,"minecraft:vine":75,"minecraft:stripped_jungle_log":1,"minecraft:bamboo":393,"minecraft:stone":489,"minecraft:jungle_fence_gate":1,"minecraft:smithing_table":1,"minecraft:soul_sand":21,"minecraft:jungle_sign":1,"minecraft:smooth_sandstone":205,"minecraft:short_grass":32,"minecraft:lectern":8,"minecraft:campfire":1,"minecraft:tall_grass":1,"minecraft:copper_ore":8,"minecraft:lapis_ore":3,"minecraft:deepslate_gold_ore":67,"minecraft:diorite":6,"minecraft:lime_bed":4,"minecraft:cactus":68,"minecraft:jungle_fence":152,"minecraft:coal_ore":130,"minecraft:gravel":51,"minecraft:terracotta":9,"minecraft:gold_ore":11,"minecraft:fern":12},"minecraft:dropped":{"minecraft:fletching_table":1,"minecraft:flint":1,"minecraft:gold_nugget":8,"minecraft:sand":3,"minecraft:bone":2,"minecraft:gravel":4,"minecraft:stone_axe":17,"minecraft:lever":1,"minecraft:cobbled_deepslate":64,"minecraft:smooth_sandstone_stairs":18,"minecraft:rotten_flesh":10,"minecraft:jungle_trapdoor":6,"minecraft:chainmail_chestplate":12,"minecraft:sandstone_wall":12,"minecraft:poppy":532,"minecraft:jungle_log":64,"minecraft:chainmail_boots":13,"minecraft:arrow":2,"minecraft:golden_boots":1,"minecraft:wheat_seeds":358,"minecraft:poisonous_potato":2,"minecraft:chainmail_helmet":12,"minecraft:stick":4,"minecraft:jungle_door":2,"minecraft:green_carpet":4,"minecraft:smooth_sandstone_slab":87,"minecraft:iron_axe":12,"minecraft:chainmail_leggings":12,"minecraft:tripwire_hook":2,"minecraft:raw_copper":4,"minecraft:tuff":6,"minecraft:iron_boots":22,"minecraft:potato":100,"minecraft:flower_pot":2,"minecraft:sandstone":313}},"DataVersion":3955}