{"stats":{"minecraft:crafted":{"minecraft:jungle_button":380,"minecraft:smooth_stone":3,"minecraft:oak_planks":16,"minecraft:jungle_fence_gate":1,"minecraft:chainmail_helmet":12,"minecraft:barrel":1,"minecraft:stone":6,"minecraft:lever":1,"minecraft:bookshelf":10,"minecraft:bamboo_block":213,"minecraft:hopper":1,"minecraft:glass":64,"minecraft:diamond_helmet":1,"minecraft:diamond_leggings":1,"minecraft:iron_boots":12,"minecraft:chest":16,"minecraft:rail":32,"minecraft:stone_hoe":2,"minecraft:emerald":400,"minecraft:diamond_axe":1,"minecraft:crafting_table":2,"minecraft:jungle_boat":3,"minecraft:wooden_pickaxe":1,"minecraft:baked_potato":103,"travelersbackpack:standard":1,"minecraft:smithing_table":2,"minecraft:fletching_table":6,"minecraft:campfire":1,"minecraft:bamboo_planks":256,"minecraft:lectern":2,"minecraft:book":3,"minecraft:paper":9,"minecraft:diamond_pickaxe":1,"minecraft:stick":10776,"minecraft:iron_pickaxe":1,"minecraft:iron_block":98,"minecraft:stone_sword":1,"minecraft:gold_ingot":17,"minecraft:sandstone":52,"minecraft:redstone_torch":1,"minecraft:composter":1,"minecraft:shears":1,"minecraft:jungle_sign":12,"minecraft:stone_shovel":4,"minecraft:tripwire_hook":2,"minecraft:furnace":2,"minecraft:blast_furnace":1,"minecraft:jungle_trapdoor":16,"travelersbackpack:white_sleeping_bag":1,"minecraft:iron_axe":14,"minecraft:ladder":3,"minecraft:stone_pickaxe":1,"minecraft:diamond_boots":1,"minecraft:minecart":1,"minecraft:wheat":243,"minecraft:diamond_sword":1,"travelersbackpack:backpack_tank":2,"minecraft:powered_rail":6,"minecraft:bucket":1,"minecraft:stone_axe":21,"minecraft:enchanted_book":1,"minecraft:jungle_slab":30,"minecraft:bread":108,"minecraft:air":0,"minecraft:jungle_planks":5948,"justhammers:iron_hammer":1,"justhammers:stone_hammer":26,"minecraft:chainmail_boots":1,"minecraft:anvil":2,"minecraft:diamond_chestplate":1},"minecraft:picked_up":{"minecraft:wheat":202,"travelersbackpack:bat":1,"minecraft:flower_pot":1,"minecraft:amethyst_block":1,"minecraft:music_disc_cat":1,"minecraft:string":32,"minecraft:raw_copper":45,"minecraft:iron_leggings":1,"minecraft:beetroot":2,"minecraft:cobbled_deepslate":2163,"minecraft:bucket":1,"minecraft:calcite":2,"minecraft:stick":229,"minecraft:jungle_door":2,"minecraft:composter":1,"minecraft:green_bed":19,"minecraft:torch":8,"minecraft:porkchop":3,"minecraft:diorite":6,"minecraft:cactus":9,"minecraft:rotten_flesh":74,"minecraft:obsidian":24,"minecraft:cobblestone":1671,"minecraft:jungle_log":2532,"minecraft:andesite":34,"minecraft:smoker":2,"minecraft:potato":896,"minecraft:flint":40,"minecraft:smooth_sandstone_stairs":18,"minecraft:tuff":146,"minecraft:dirt":1699,"minecraft:lapis_lazuli":286,"minecraft:name_tag":2,"minecraft:bone":33,"minecraft:bow":4,"minecraft:wheat_seeds":591,"minecraft:raw_gold":155,"minecraft:grindstone":1,"minecraft:fletching_table":9,"minecraft:bamboo":2318,"minecraft:moss_block":5,"minecraft:stone_hoe":1,"minecraft:jungle_planks":90,"minecraft:poisonous_potato":3,"minecraft:sand":4218,"minecraft:dead_bush":6,"minecraft:cyan_bed":6,"minecraft:mossy_cobblestone":1,"minecraft:diamond":71,"minecraft:granite":10,"minecraft:golden_horse_armor":2,"minecraft:bread":10,"minecraft:oak_sapling":5,"minecraft:crafting_table":3,"minecraft:ominous_bottle":3,"minecraft:clay_ball":5,"minecraft:chest_minecart":1,"minecraft:jungle_trapdoor":5,"minecraft:iron_axe":1,"minecraft:detector_rail":1,"minecraft:beef":14,"minecraft:lectern":7,"minecraft:jungle_sapling":194,"minecraft:poppy":12,"minecraft:minecart":12,"minecraft:chest":11,"minecraft:sugar_cane":14,"minecraft:raw_iron":17,"minecraft:sandstone":1055,"minecraft:jungle_fence_gate":1,"minecraft:redstone":436,"minecraft:smooth_sandstone_slab":28,"minecraft:stone_shovel":1,"minecraft:arrow":15,"minecraft:beetroot_seeds":8,"minecraft:hay_block":27,"minecraft:saddle":1,"minecraft:gold_ingot":9,"minecraft:glow_berries":5,"minecraft:mutton":16,"minecraft:white_wool":10,"minecraft:rail":85,"minecraft:lime_bed":2,"minecraft:jungle_boat":10,"minecraft:glow_ink_sac":4,"minecraft:leather":7,"minecraft:cut_sandstone":33,"minecraft:oak_log":14,"minecraft:jungle_button":221,"minecraft:gunpowder":3,"minecraft:white_banner":3,"minecraft:smooth_sandstone":314,"minecraft:iron_ingot":63,"minecraft:book":3,"minecraft:smooth_basalt":2,"minecraft:pumpkin":17,"minecraft:gravel":322,"minecraft:amethyst_shard":244,"minecraft:spider_eye":4,"minecraft:iron_helmet":1,"minecraft:gray_wool":1,"minecraft:terracotta":16,"minecraft:melon_seeds":10,"minecraft:coal":221},"minecraft:dropped":{"minecraft:gold_nugget":8,"minecraft:sand":2,"minecraft:stone_axe":7,"minecraft:cobbled_deepslate":64,"minecraft:poppy":89,"minecraft:jungle_log":64,"minecraft:chainmail_boots":1,"minecraft:wheat_seeds":186,"minecraft:poisonous_potato":1,"minecraft:chainmail_helmet":12,"minecraft:stick":1,"minecraft:iron_axe":1,"minecraft:tuff":6,"minecraft:iron_boots":12,"minecraft:potato":100,"minecraft:sandstone":3},"minecraft:used":{"minecraft:ladder":2,"minecraft:chest":25,"minecraft:rotten_flesh":2,"minecraft:jungle_planks":143,"minecraft:jungle_slab":9,"minecraft:jungle_sapling":121,"minecraft:glass":7,"minecraft:lava_bucket":1,"minecraft:jungle_fence_gate":1,"minecraft:jungle_button":597,"minecraft:furnace":1,"minecraft:potato":288,"minecraft:diorite":2,"minecraft:powered_rail":3,"minecraft:stone_pickaxe":131,"minecraft:wooden_pickaxe":24,"minecraft:sandstone":300,"minecraft:composter":2,"minecraft:jungle_boat":12,"minecraft:sand":139,"minecraft:blast_furnace":1,"minecraft:shears":8,"minecraft:redstone_torch":1,"minecraft:lever":1,"minecraft:cyan_bed":6,"minecraft:bread":105,"minecraft:string":14,"minecraft:lectern":9,"minecraft:jungle_sign":12,"minecraft:diamond_sword":3,"minecraft:grindstone":1,"minecraft:smithing_table":2,"minecraft:andesite":1,"minecraft:chest_minecart":1,"minecraft:stone_sword":130,"minecraft:stone_shovel":496,"minecraft:stone_hoe":144,"travelersbackpack:bat":1,"minecraft:dirt":1247,"minecraft:anvil":2,"minecraft:hopper":1,"minecraft:jungle_trapdoor":21,"minecraft:bookshelf":1,"minecraft:iron_axe":1115,"minecraft:smooth_sandstone":3,"minecraft:barrel":1,"minecraft:bamboo":77,"minecraft:diamond_chestplate":1,"minecraft:tripwire_hook":2,"minecraft:minecart":12,"minecraft:cobbled_deepslate":6,"minecraft:wheat_seeds":213,"minecraft:water_bucket":25,"minecraft:amethyst_block":1,"minecraft:fletching_table":15,"minecraft:green_bed":19,"minecraft:rail":70,"minecraft:crafting_table":4,"minecraft:lime_bed":2,"minecraft:campfire":1,"minecraft:smoker":2,"justhammers:iron_hammer":126,"minecraft:diamond_pickaxe":1009,"minecraft:iron_pickaxe":252,"minecraft:detector_rail":1,"justhammers:stone_hammer":1244,"minecraft:stone_axe":1576,"minecraft:cobblestone":19,"minecraft:bucket":33},"minecraft:broken":{"minecraft:iron_leggings":1,"minecraft:stone_pickaxe":1,"minecraft:stone_axe":10,"minecraft:stone_shovel":2,"minecraft:stone_sword":1,"minecraft:stone_hoe":1,"minecraft:iron_axe":1,"minecraft:iron_pickaxe":1,"minecraft:iron_helmet":1},"minecraft:mined":{"minecraft:jungle_leaves":6,"minecraft:obsidian":17,"minecraft:potted_dead_bush":1,"minecraft:granite":10,"minecraft:grass_block":197,"minecraft:jungle_log":2117,"minecraft:composter":1,"minecraft:iron_ore":13,"minecraft:cobbled_deepslate":2,"minecraft:pumpkin":17,"minecraft:fletching_table":9,"minecraft:deepslate_lapis_ore":26,"minecraft:smooth_sandstone_stairs":18,"minecraft:green_bed":19,"minecraft:jungle_trapdoor":3,"minecraft:jungle_button":5,"minecraft:deepslate_redstone_ore":79,"minecraft:cut_sandstone":29,"minecraft:melon_stem":2,"minecraft:smoker":2,"minecraft:amethyst_cluster":31,"visualworkbench:minecraft/crafting_table":3,"minecraft:clay":1,"minecraft:calcite":2,"minecraft:chest":10,"minecraft:dead_bush":9,"minecraft:glass":1,"minecraft:cobblestone":5,"minecraft:cyan_bed":6,"minecraft:grindstone":1,"minecraft:sugar_cane":6,"minecraft:smooth_sandstone_slab":26,"minecraft:amethyst_block":1,"minecraft:wheat":180,"minecraft:oak_log":16,"minecraft:beetroots":1,"minecraft:sand":1165,"minecraft:dirt":172,"minecraft:smooth_basalt":2,"minecraft:oak_leaves":11,"minecraft:deepslate":516,"minecraft:tuff":36,"minecraft:deepslate_diamond_ore":39,"minecraft:glow_lichen":1,"minecraft:jungle_planks":26,"minecraft:moss_block":5,"minecraft:sandstone":161,"minecraft:hay_block":27,"minecraft:andesite":34,"minecraft:bookshelf":1,"minecraft:potatoes":209,"minecraft:deepslate_iron_ore":1,"minecraft:vine":27,"minecraft:rail":67,"minecraft:bamboo":239,"minecraft:stone":292,"minecraft:jungle_fence_gate":1,"minecraft:jungle_sign":1,"minecraft:smooth_sandstone":138,"minecraft:short_grass":27,"minecraft:lectern":7,"minecraft:campfire":1,"minecraft:tall_grass":1,"minecraft:copper_ore":7,"minecraft:deepslate_gold_ore":67,"minecraft:lapis_ore":3,"minecraft:diorite":6,"minecraft:lime_bed":2,"minecraft:coal_ore":127,"minecraft:gravel":50,"minecraft:terracotta":9,"minecraft:gold_ore":11,"minecraft:fern":10},"minecraft:killed_by":{"minecraft:creeper":4,"minecraft:zombie":7,"minecraft:husk":6,"minecraft:spider":1,"minecraft:iron_golem":2,"minecraft:skeleton":1},"minecraft:custom":{"minecraft:interact_with_crafting_table":78,"minecraft:open_barrel":20,"minecraft:leave_game":12,"minecraft:time_since_death":173983,"minecraft:sprint_one_cm":956191,"minecraft:drop":54,"minecraft:talked_to_villager":123,"minecraft:play_time":786544,"minecraft:deaths":26,"minecraft:jump":5308,"minecraft:walk_on_water_one_cm":53221,"minecraft:interact_with_furnace":14,"minecraft:traded_with_villager":463,"minecraft:sleep_in_bed":21,"minecraft:damage_dealt":27697,"minecraft:crouch_one_cm":79901,"minecraft:interact_with_smoker":9,"minecraft:mob_kills":114,"minecraft:interact_with_anvil":2,"minecraft:inspect_hopper":1,"minecraft:climb_one_cm":21000,"minecraft:walk_one_cm":1373125,"minecraft:sneak_time":28591,"minecraft:walk_under_water_one_cm":18370,"minecraft:boat_one_cm":506848,"minecraft:total_world_time":786544,"minecraft:interact_with_grindstone":1,"minecraft:time_since_rest":153817,"minecraft:damage_taken":11145,"minecraft:swim_one_cm":62392,"minecraft:fly_one_cm":1196894,"minecraft:open_chest":506,"minecraft:fall_one_cm":106465},"minecraft:killed":{"minecraft:spider":6,"minecraft:skeleton":11,"minecraft:pig":1,"minecraft:zombie_villager":2,"minecraft:iron_golem":11,"minecraft:creeper":2,"minecraft:sheep":11,"minecraft:pillager":6,"minecraft:zombie":30,"minecraft:cow":6,"minecraft:husk":24,"minecraft:villager":1}},"DataVersion":3955}