{"stats":{"minecraft:crafted":{"minecraft:jungle_button":380,"minecraft:smooth_stone":6,"minecraft:oak_planks":16,"minecraft:jungle_fence_gate":1,"minecraft:chainmail_helmet":12,"minecraft:barrel":1,"minecraft:stone":19,"minecraft:lever":1,"minecraft:bookshelf":10,"minecraft:suspicious_stew":7,"minecraft:bamboo_block":471,"minecraft:hopper":1,"minecraft:glass":64,"minecraft:diamond_helmet":1,"minecraft:diamond_leggings":1,"minecraft:iron_boots":12,"minecraft:chest":18,"minecraft:rail":64,"minecraft:stone_hoe":2,"minecraft:emerald":592,"minecraft:diamond_axe":1,"minecraft:crafting_table":2,"minecraft:jungle_boat":3,"minecraft:wooden_pickaxe":1,"minecraft:baked_potato":214,"travelersbackpack:standard":1,"minecraft:smithing_table":3,"minecraft:fletching_table":10,"minecraft:campfire":1,"minecraft:sea_pickle":1,"minecraft:apple":96,"minecraft:bamboo_planks":256,"minecraft:lectern":2,"minecraft:book":3,"minecraft:paper":9,"minecraft:diamond_pickaxe":1,"minecraft:stick":18450,"minecraft:iron_pickaxe":1,"minecraft:iron_block":98,"minecraft:stone_sword":1,"minecraft:gold_ingot":17,"minecraft:sandstone":326,"minecraft:redstone_torch":2,"minecraft:composter":4,"minecraft:shears":1,"minecraft:jungle_sign":12,"minecraft:cookie":288,"minecraft:stone_shovel":4,"minecraft:tripwire_hook":2,"minecraft:furnace":3,"minecraft:blast_furnace":2,"minecraft:jungle_trapdoor":34,"travelersbackpack:white_sleeping_bag":1,"minecraft:iron_axe":21,"minecraft:ladder":3,"minecraft:iron_hoe":1,"minecraft:stone_pickaxe":1,"minecraft:diamond_boots":1,"minecraft:minecart":1,"minecraft:wheat":243,"minecraft:diamond_sword":1,"travelersbackpack:backpack_tank":2,"minecraft:powered_rail":6,"minecraft:bucket":1,"minecraft:stone_axe":21,"minecraft:enchanted_book":1,"minecraft:jungle_slab":54,"minecraft:bread":228,"minecraft:air":0,"minecraft:jungle_planks":9920,"justhammers:iron_hammer":1,"justhammers:stone_hammer":43,"minecraft:chainmail_boots":1,"minecraft:anvil":2,"minecraft:diamond_chestplate":1},"minecraft:picked_up":{"minecraft:wheat":236,"travelersbackpack:bat":1,"minecraft:anvil":2,"minecraft:flower_pot":3,"minecraft:smithing_table":1,"minecraft:lead":2,"minecraft:amethyst_block":1,"minecraft:music_disc_cat":1,"minecraft:string":32,"minecraft:raw_copper":45,"minecraft:iron_leggings":1,"minecraft:beetroot":2,"minecraft:cobbled_deepslate":2163,"minecraft:bucket":1,"minecraft:calcite":2,"minecraft:furnace":2,"minecraft:stick":403,"minecraft:jungle_door":4,"minecraft:composter":4,"minecraft:green_bed":25,"minecraft:torch":12,"minecraft:sandstone_wall":12,"minecraft:porkchop":3,"minecraft:diorite":6,"minecraft:cactus":14,"minecraft:rotten_flesh":100,"minecraft:armadillo_scute":1,"minecraft:obsidian":24,"minecraft:cobblestone":2547,"minecraft:jungle_log":4307,"minecraft:andesite":34,"minecraft:smoker":3,"minecraft:potato":1425,"minecraft:flint":42,"minecraft:smooth_sandstone_stairs":18,"minecraft:tuff":146,"minecraft:dirt":3209,"minecraft:lapis_lazuli":286,"minecraft:name_tag":2,"minecraft:bone":37,"minecraft:bow":4,"minecraft:wheat_seeds":780,"minecraft:raw_gold":155,"minecraft:grindstone":2,"minecraft:fletching_table":29,"minecraft:bamboo":4323,"minecraft:powered_rail":1,"minecraft:moss_block":5,"minecraft:stone_hoe":1,"minecraft:jungle_planks":117,"minecraft:poisonous_potato":5,"minecraft:sand":5920,"minecraft:dead_bush":6,"minecraft:cyan_bed":6,"minecraft:chiseled_sandstone":2,"minecraft:mossy_cobblestone":1,"minecraft:diamond":71,"minecraft:granite":10,"minecraft:golden_horse_armor":2,"minecraft:bread":10,"minecraft:oak_sapling":5,"minecraft:crafting_table":3,"minecraft:ominous_bottle":3,"minecraft:clay_ball":5,"minecraft:chest_minecart":1,"minecraft:jungle_trapdoor":10,"minecraft:iron_axe":2,"minecraft:detector_rail":1,"minecraft:beef":14,"minecraft:lectern":7,"minecraft:jungle_sapling":340,"minecraft:poppy":12,"minecraft:minecart":31,"minecraft:chest":11,"minecraft:sugar_cane":14,"minecraft:raw_iron":17,"minecraft:sandstone":1809,"minecraft:jungle_fence_gate":1,"minecraft:redstone":436,"minecraft:smooth_sandstone_slab":87,"minecraft:stone_shovel":1,"minecraft:arrow":19,"minecraft:beetroot_seeds":8,"minecraft:hay_block":27,"minecraft:saddle":1,"minecraft:gold_ingot":9,"minecraft:glow_berries":5,"minecraft:mutton":16,"minecraft:white_wool":10,"minecraft:rail":180,"minecraft:lime_bed":2,"minecraft:jungle_boat":10,"minecraft:glow_ink_sac":4,"minecraft:leather":9,"minecraft:cut_sandstone":83,"minecraft:oak_log":14,"minecraft:jungle_button":221,"minecraft:gunpowder":3,"minecraft:white_banner":3,"minecraft:smooth_sandstone":610,"minecraft:iron_ingot":63,"minecraft:book":3,"minecraft:smooth_basalt":2,"minecraft:pumpkin":17,"minecraft:dandelion":1,"minecraft:gravel":322,"minecraft:amethyst_shard":244,"minecraft:green_carpet":4,"minecraft:spider_eye":4,"minecraft:iron_helmet":1,"minecraft:gray_wool":1,"minecraft:terracotta":16,"minecraft:melon_seeds":10,"minecraft:coal":257},"minecraft:dropped":{"minecraft:gold_nugget":8,"minecraft:sand":2,"minecraft:stone_axe":7,"minecraft:cobbled_deepslate":64,"minecraft:smooth_sandstone_stairs":18,"minecraft:rotten_flesh":6,"minecraft:sandstone_wall":12,"minecraft:poppy":532,"minecraft:jungle_log":64,"minecraft:chainmail_boots":1,"minecraft:wheat_seeds":358,"minecraft:poisonous_potato":2,"minecraft:chainmail_helmet":12,"minecraft:stick":1,"minecraft:jungle_door":2,"minecraft:green_carpet":4,"minecraft:smooth_sandstone_slab":87,"minecraft:iron_axe":2,"minecraft:tuff":6,"minecraft:iron_boots":12,"minecraft:potato":100,"minecraft:flower_pot":2,"minecraft:sandstone":3},"minecraft:used":{"minecraft:ladder":2,"minecraft:chest":27,"minecraft:rotten_flesh":4,"minecraft:jungle_planks":146,"minecraft:jungle_slab":12,"minecraft:jungle_sapling":223,"minecraft:glass":11,"minecraft:lava_bucket":13,"minecraft:jungle_fence_gate":1,"minecraft:jungle_button":597,"minecraft:furnace":3,"minecraft:potato":525,"minecraft:diorite":2,"minecraft:powered_rail":5,"minecraft:stone_pickaxe":131,"minecraft:wooden_pickaxe":24,"minecraft:sandstone":751,"minecraft:composter":8,"minecraft:diamond_axe":324,"minecraft:jungle_boat":12,"minecraft:sand":205,"minecraft:blast_furnace":2,"minecraft:shears":8,"minecraft:redstone_torch":2,"minecraft:lever":1,"minecraft:cyan_bed":6,"minecraft:bread":121,"minecraft:string":14,"minecraft:lectern":9,"minecraft:jungle_sign":12,"minecraft:diamond_sword":223,"minecraft:grindstone":2,"minecraft:smithing_table":4,"minecraft:andesite":1,"minecraft:chest_minecart":1,"minecraft:stone_sword":130,"minecraft:stone_shovel":496,"minecraft:stone_hoe":144,"travelersbackpack:bat":1,"minecraft:dirt":2751,"minecraft:anvil":4,"minecraft:hopper":1,"minecraft:jungle_trapdoor":40,"minecraft:iron_hoe":242,"minecraft:bookshelf":1,"minecraft:iron_axe":2671,"minecraft:smooth_sandstone":15,"minecraft:barrel":1,"minecraft:bamboo":77,"minecraft:diamond_chestplate":1,"minecraft:tripwire_hook":2,"minecraft:minecart":31,"minecraft:cobbled_deepslate":6,"minecraft:wheat_seeds":293,"minecraft:water_bucket":28,"minecraft:amethyst_block":1,"minecraft:baked_potato":11,"minecraft:fletching_table":39,"minecraft:green_bed":25,"minecraft:rail":204,"minecraft:crafting_table":4,"minecraft:lime_bed":2,"minecraft:campfire":1,"minecraft:smoker":3,"justhammers:iron_hammer":126,"minecraft:diamond_pickaxe":1533,"minecraft:suspicious_stew":7,"minecraft:iron_pickaxe":252,"minecraft:detector_rail":1,"justhammers:stone_hammer":1983,"minecraft:stone_axe":1576,"minecraft:cobblestone":20,"minecraft:bucket":47},"minecraft:broken":{"minecraft:iron_leggings":1,"minecraft:stone_pickaxe":1,"minecraft:stone_axe":10,"minecraft:stone_shovel":2,"minecraft:stone_sword":1,"minecraft:stone_hoe":1,"minecraft:iron_axe":1,"minecraft:iron_pickaxe":1,"minecraft:iron_helmet":1},"minecraft:mined":{"minecraft:jungle_leaves":6,"minecraft:potted_cactus":2,"minecraft:obsidian":17,"minecraft:potted_dead_bush":1,"minecraft:granite":10,"minecraft:grass_block":245,"minecraft:jungle_log":3892,"minecraft:composter":4,"minecraft:iron_ore":13,"minecraft:cobbled_deepslate":2,"minecraft:pumpkin":17,"minecraft:anvil":2,"minecraft:fletching_table":29,"minecraft:deepslate_lapis_ore":26,"minecraft:smooth_sandstone_stairs":18,"minecraft:green_bed":24,"minecraft:jungle_trapdoor":7,"minecraft:jungle_button":5,"minecraft:deepslate_redstone_ore":79,"minecraft:cut_sandstone":35,"minecraft:melon_stem":2,"minecraft:smoker":2,"minecraft:amethyst_cluster":31,"visualworkbench:minecraft/crafting_table":3,"minecraft:clay":1,"minecraft:calcite":2,"minecraft:chest":10,"minecraft:dead_bush":10,"minecraft:glass":1,"minecraft:cobblestone":6,"minecraft:cyan_bed":6,"minecraft:grindstone":2,"minecraft:sugar_cane":6,"minecraft:smooth_sandstone_slab":36,"minecraft:amethyst_block":1,"minecraft:wheat":214,"minecraft:oak_log":16,"minecraft:beetroots":1,"minecraft:sand":1471,"minecraft:dirt":364,"minecraft:sandstone_wall":5,"minecraft:smooth_basalt":2,"minecraft:oak_leaves":11,"minecraft:deepslate":516,"minecraft:tuff":36,"minecraft:deepslate_diamond_ore":39,"minecraft:glow_lichen":1,"minecraft:jungle_planks":29,"minecraft:moss_block":5,"minecraft:sandstone":453,"minecraft:hay_block":27,"minecraft:furnace":1,"minecraft:jungle_sapling":2,"minecraft:chiseled_sandstone":2,"minecraft:andesite":34,"minecraft:bookshelf":1,"minecraft:potatoes":316,"minecraft:deepslate_iron_ore":1,"minecraft:vine":48,"minecraft:rail":161,"minecraft:bamboo":393,"minecraft:stone":427,"minecraft:jungle_fence_gate":1,"minecraft:smithing_table":1,"minecraft:jungle_sign":1,"minecraft:smooth_sandstone":205,"minecraft:short_grass":30,"minecraft:lectern":7,"minecraft:campfire":1,"minecraft:tall_grass":1,"minecraft:copper_ore":7,"minecraft:deepslate_gold_ore":67,"minecraft:lapis_ore":3,"minecraft:diorite":6,"minecraft:lime_bed":2,"minecraft:coal_ore":130,"minecraft:gravel":50,"minecraft:terracotta":9,"minecraft:gold_ore":11,"minecraft:fern":11},"minecraft:killed_by":{"minecraft:creeper":4,"minecraft:zombie":7,"minecraft:husk":7,"minecraft:spider":1,"minecraft:iron_golem":2,"minecraft:skeleton":1},"minecraft:custom":{"minecraft:interact_with_crafting_table":98,"minecraft:open_barrel":29,"minecraft:leave_game":12,"minecraft:time_since_death":163012,"minecraft:sprint_one_cm":1354550,"minecraft:drop":83,"minecraft:talked_to_villager":197,"minecraft:play_time":1200544,"minecraft:deaths":27,"minecraft:jump":6818,"minecraft:walk_on_water_one_cm":60384,"minecraft:interact_with_furnace":23,"minecraft:traded_with_villager":723,"minecraft:sleep_in_bed":32,"minecraft:damage_dealt":33776,"minecraft:crouch_one_cm":104183,"minecraft:interact_with_smoker":12,"minecraft:mob_kills":148,"minecraft:interact_with_anvil":2,"minecraft:inspect_hopper":2,"minecraft:climb_one_cm":24812,"minecraft:walk_one_cm":2021615,"minecraft:sneak_time":36003,"minecraft:walk_under_water_one_cm":18370,"minecraft:boat_one_cm":506848,"minecraft:total_world_time":1200544,"minecraft:interact_with_grindstone":1,"minecraft:time_since_rest":11411,"minecraft:damage_taken":12110,"minecraft:swim_one_cm":62392,"minecraft:fly_one_cm":1583854,"minecraft:open_chest":647,"minecraft:fall_one_cm":116529},"minecraft:killed":{"minecraft:spider":9,"minecraft:skeleton":13,"minecraft:pig":1,"minecraft:zombie_villager":2,"minecraft:iron_golem":11,"minecraft:creeper":2,"minecraft:sheep":11,"minecraft:trader_llama":4,"minecraft:pillager":6,"minecraft:zombie":35,"minecraft:cow":6,"minecraft:husk":44,"minecraft:villager":1}},"DataVersion":3955}