{"stats":{"minecraft:crafted":{"minecraft:jungle_button":380,"minecraft:oak_planks":16,"minecraft:jungle_fence_gate":1,"minecraft:stone_shovel":4,"minecraft:barrel":1,"minecraft:tripwire_hook":2,"minecraft:furnace":1,"minecraft:jungle_trapdoor":12,"minecraft:stone":6,"minecraft:lever":1,"minecraft:bookshelf":10,"minecraft:bamboo_block":213,"minecraft:glass":64,"minecraft:hopper":1,"travelersbackpack:white_sleeping_bag":1,"minecraft:iron_axe":14,"minecraft:ladder":3,"minecraft:stone_pickaxe":1,"minecraft:chest":16,"minecraft:rail":32,"minecraft:stone_hoe":2,"minecraft:minecart":1,"minecraft:wheat":243,"minecraft:emerald":292,"minecraft:crafting_table":2,"minecraft:jungle_boat":3,"travelersbackpack:backpack_tank":2,"travelersbackpack:standard":1,"minecraft:powered_rail":6,"minecraft:wooden_pickaxe":1,"minecraft:baked_potato":103,"minecraft:smithing_table":2,"minecraft:fletching_table":6,"minecraft:bucket":1,"minecraft:campfire":1,"minecraft:enchanted_book":1,"minecraft:stone_axe":21,"minecraft:jungle_slab":30,"minecraft:bread":108,"minecraft:air":0,"minecraft:jungle_planks":4404,"minecraft:bamboo_planks":256,"minecraft:diamond_pickaxe":1,"minecraft:lectern":2,"minecraft:book":3,"minecraft:paper":9,"justhammers:stone_hammer":26,"minecraft:stick":7704,"minecraft:iron_pickaxe":1,"minecraft:iron_block":6,"minecraft:stone_sword":1,"minecraft:gold_ingot":17,"minecraft:sandstone":52,"minecraft:anvil":2,"minecraft:redstone_torch":1,"minecraft:composter":1,"minecraft:shears":1,"minecraft:jungle_sign":12},"minecraft:picked_up":{"minecraft:crafting_table":3,"minecraft:wheat":173,"travelersbackpack:bat":1,"minecraft:ominous_bottle":3,"minecraft:clay_ball":5,"minecraft:chest_minecart":1,"minecraft:iron_axe":1,"minecraft:music_disc_cat":1,"minecraft:jungle_trapdoor":5,"minecraft:string":32,"minecraft:raw_copper":45,"minecraft:iron_leggings":1,"minecraft:beetroot":2,"minecraft:cobbled_deepslate":2077,"minecraft:detector_rail":1,"minecraft:bucket":1,"minecraft:beef":14,"minecraft:jungle_sapling":182,"minecraft:poppy":12,"minecraft:minecart":8,"minecraft:lectern":7,"minecraft:sugar_cane":14,"minecraft:chest":11,"minecraft:stick":222,"minecraft:raw_iron":13,"minecraft:sandstone":853,"minecraft:composter":1,"minecraft:torch":4,"minecraft:green_bed":19,"minecraft:porkchop":3,"minecraft:jungle_fence_gate":1,"minecraft:diorite":2,"minecraft:redstone":371,"minecraft:arrow":15,"minecraft:cactus":9,"minecraft:stone_shovel":1,"minecraft:rotten_flesh":71,"minecraft:beetroot_seeds":8,"minecraft:hay_block":27,"minecraft:saddle":1,"minecraft:gold_ingot":9,"minecraft:glow_berries":5,"minecraft:obsidian":7,"minecraft:mutton":16,"minecraft:rail":72,"minecraft:white_wool":10,"minecraft:cobblestone":1598,"minecraft:lime_bed":2,"minecraft:jungle_boat":10,"minecraft:andesite":14,"minecraft:jungle_log":2297,"minecraft:cut_sandstone":6,"minecraft:leather":7,"minecraft:smoker":2,"minecraft:potato":671,"minecraft:flint":40,"minecraft:tuff":136,"minecraft:oak_log":14,"minecraft:jungle_button":218,"minecraft:gunpowder":3,"minecraft:lapis_lazuli":153,"minecraft:dirt":1697,"minecraft:white_banner":3,"minecraft:name_tag":2,"minecraft:smooth_sandstone":192,"minecraft:bone":33,"minecraft:bow":4,"minecraft:wheat_seeds":475,"minecraft:raw_gold":80,"minecraft:iron_ingot":62,"minecraft:grindstone":1,"minecraft:fletching_table":9,"minecraft:bamboo":2318,"minecraft:moss_block":5,"minecraft:stone_hoe":1,"minecraft:book":3,"minecraft:poisonous_potato":3,"minecraft:gravel":322,"minecraft:sand":3674,"minecraft:jungle_planks":90,"minecraft:dead_bush":5,"minecraft:cyan_bed":6,"minecraft:spider_eye":4,"minecraft:mossy_cobblestone":1,"minecraft:diamond":42,"minecraft:iron_helmet":1,"minecraft:granite":5,"minecraft:gray_wool":1,"minecraft:golden_horse_armor":2,"minecraft:bread":10,"minecraft:terracotta":6,"minecraft:oak_sapling":5,"minecraft:melon_seeds":10,"minecraft:coal":221},"minecraft:dropped":{"minecraft:wheat_seeds":99,"minecraft:poisonous_potato":1,"minecraft:stick":1,"minecraft:gold_nugget":8,"minecraft:iron_axe":1,"minecraft:sand":2,"minecraft:stone_axe":7,"minecraft:cobbled_deepslate":64,"minecraft:tuff":6,"minecraft:poppy":89,"minecraft:potato":100,"minecraft:sandstone":3},"minecraft:used":{"minecraft:stone_sword":130,"minecraft:stone_shovel":496,"minecraft:ladder":2,"minecraft:chest":25,"travelersbackpack:bat":1,"minecraft:stone_hoe":144,"minecraft:rotten_flesh":2,"minecraft:anvil":2,"minecraft:dirt":1247,"minecraft:hopper":1,"minecraft:jungle_planks":143,"minecraft:jungle_slab":9,"minecraft:jungle_trapdoor":17,"minecraft:glass":7,"minecraft:jungle_sapling":113,"minecraft:lava_bucket":1,"minecraft:bookshelf":1,"minecraft:jungle_fence_gate":1,"minecraft:iron_axe":903,"minecraft:smooth_sandstone":2,"minecraft:barrel":1,"minecraft:bamboo":77,"minecraft:tripwire_hook":2,"minecraft:jungle_button":597,"minecraft:furnace":1,"minecraft:minecart":8,"minecraft:potato":245,"minecraft:cobbled_deepslate":6,"minecraft:wheat_seeds":184,"minecraft:water_bucket":17,"minecraft:diorite":2,"minecraft:stone_pickaxe":131,"minecraft:powered_rail":3,"minecraft:wooden_pickaxe":24,"minecraft:composter":2,"minecraft:green_bed":19,"minecraft:fletching_table":15,"minecraft:sandstone":224,"minecraft:jungle_boat":12,"minecraft:lime_bed":2,"minecraft:sand":139,"minecraft:rail":57,"minecraft:crafting_table":4,"minecraft:campfire":1,"minecraft:shears":8,"minecraft:smoker":2,"minecraft:redstone_torch":1,"minecraft:lever":1,"minecraft:diamond_pickaxe":457,"minecraft:iron_pickaxe":252,"minecraft:string":14,"minecraft:bread":92,"minecraft:cyan_bed":6,"minecraft:detector_rail":1,"minecraft:lectern":9,"justhammers:stone_hammer":1244,"minecraft:stone_axe":1576,"minecraft:jungle_sign":12,"minecraft:cobblestone":10,"minecraft:grindstone":1,"minecraft:smithing_table":2,"minecraft:andesite":1,"minecraft:bucket":24,"minecraft:chest_minecart":1},"minecraft:broken":{"minecraft:stone_sword":1,"minecraft:iron_leggings":1,"minecraft:stone_hoe":1,"minecraft:stone_pickaxe":1,"minecraft:iron_axe":1,"minecraft:stone_axe":10,"minecraft:iron_pickaxe":1,"minecraft:iron_helmet":1,"minecraft:stone_shovel":2},"minecraft:mined":{"minecraft:tuff":26,"minecraft:deepslate_diamond_ore":25,"minecraft:jungle_leaves":6,"minecraft:glow_lichen":1,"minecraft:granite":5,"minecraft:grass_block":197,"minecraft:jungle_planks":26,"minecraft:jungle_log":1946,"minecraft:composter":1,"minecraft:moss_block":5,"minecraft:sandstone":130,"minecraft:hay_block":27,"minecraft:iron_ore":13,"minecraft:cobbled_deepslate":2,"minecraft:andesite":14,"minecraft:deepslate_lapis_ore":15,"minecraft:fletching_table":9,"minecraft:bookshelf":1,"minecraft:potatoes":166,"minecraft:vine":27,"minecraft:rail":55,"minecraft:bamboo":239,"minecraft:stone":219,"minecraft:jungle_fence_gate":1,"minecraft:green_bed":19,"minecraft:jungle_trapdoor":3,"minecraft:jungle_button":5,"minecraft:deepslate_redstone_ore":68,"minecraft:cut_sandstone":3,"minecraft:melon_stem":2,"minecraft:smoker":2,"minecraft:clay":1,"visualworkbench:minecraft/crafting_table":3,"minecraft:smooth_sandstone":66,"minecraft:jungle_sign":1,"minecraft:short_grass":21,"minecraft:lapis_ore":3,"minecraft:diorite":2,"minecraft:chest":10,"minecraft:dead_bush":9,"minecraft:campfire":1,"minecraft:lectern":7,"minecraft:copper_ore":7,"minecraft:glass":1,"minecraft:tall_grass":1,"minecraft:cobblestone":5,"minecraft:deepslate_gold_ore":40,"minecraft:cyan_bed":6,"minecraft:grindstone":1,"minecraft:sugar_cane":6,"minecraft:lime_bed":2,"minecraft:wheat":151,"minecraft:oak_log":16,"minecraft:coal_ore":127,"minecraft:beetroots":1,"minecraft:gravel":50,"minecraft:sand":1079,"minecraft:dirt":170,"minecraft:terracotta":1,"minecraft:gold_ore":5,"minecraft:oak_leaves":11,"minecraft:deepslate":427,"minecraft:fern":10},"minecraft:custom":{"minecraft:interact_with_anvil":2,"minecraft:mob_kills":107,"minecraft:inspect_hopper":1,"minecraft:interact_with_crafting_table":71,"minecraft:open_barrel":19,"minecraft:leave_game":12,"minecraft:time_since_death":1761,"minecraft:climb_one_cm":20952,"minecraft:sprint_one_cm":821847,"minecraft:walk_one_cm":1249498,"minecraft:drop":25,"minecraft:talked_to_villager":108,"minecraft:play_time":594544,"minecraft:sneak_time":24180,"minecraft:deaths":23,"minecraft:walk_under_water_one_cm":15758,"minecraft:boat_one_cm":506848,"minecraft:jump":4584,"minecraft:walk_on_water_one_cm":35191,"minecraft:total_world_time":594544,"minecraft:interact_with_furnace":11,"minecraft:traded_with_villager":324,"minecraft:interact_with_grindstone":1,"minecraft:sleep_in_bed":19,"minecraft:time_since_rest":1791,"minecraft:damage_taken":9767,"minecraft:damage_dealt":26134,"minecraft:swim_one_cm":57496,"minecraft:fly_one_cm":1029097,"minecraft:open_chest":435,"minecraft:crouch_one_cm":63078,"minecraft:interact_with_smoker":9,"minecraft:fall_one_cm":84237},"minecraft:killed_by":{"minecraft:husk":6,"minecraft:creeper":3,"minecraft:spider":1,"minecraft:iron_golem":2,"minecraft:skeleton":1,"minecraft:zombie":6},"minecraft:killed":{"minecraft:spider":6,"minecraft:skeleton":11,"minecraft:husk":24,"minecraft:pig":1,"minecraft:zombie_villager":2,"minecraft:iron_golem":11,"minecraft:creeper":2,"minecraft:sheep":11,"minecraft:pillager":6,"minecraft:zombie":23,"minecraft:villager":1,"minecraft:cow":6}},"DataVersion":3955}